#
# There is insufficient memory for the Java Runtime Environment to continue.
# Native memory allocation (mmap) failed to map 396361728 bytes. Error detail: G1 virtual space
# Possible reasons:
#   The system is out of physical RAM or swap space
#   This process is running with CompressedOops enabled, and the Java Heap may be blocking the growth of the native heap
# Possible solutions:
#   Reduce memory load on the system
#   Increase physical memory or swap space
#   Check if swap backing store is full
#   Decrease Java heap size (-Xmx/-Xms)
#   Decrease number of Java threads
#   Decrease Java thread stack sizes (-Xss)
#   Set larger code cache with -XX:ReservedCodeCacheSize=
#   JVM is running with Unscaled Compressed Oops mode in which the Java heap is
#     placed in the first 4GB address space. The Java Heap base address is the
#     maximum limit for the native heap growth. Please use -XX:HeapBaseMinAddress
#     to set the Java Heap base and to place the Java Heap above 4GB virtual address.
# This output file may be truncated or incomplete.
#
#  Out of Memory Error (os_windows.cpp:3686), pid=20196, tid=4304
#
# JRE version: OpenJDK Runtime Environment Temurin-21.0.6+7 (21.0.6+7) (build 21.0.6+7-LTS)
# Java VM: OpenJDK 64-Bit Server VM Temurin-21.0.6+7 (21.0.6+7-LTS, mixed mode, sharing, tiered, compressed oops, compressed class ptrs, g1 gc, windows-amd64)
# No core dump will be written. Minidumps are not enabled by default on client versions of Windows
#

---------------  S U M M A R Y ------------

Command Line: -Dcom.sun.management.jmxremote -Dcom.sun.management.jmxremote.port=54947 -Dcom.sun.management.jmxremote.authenticate=false -Dcom.sun.management.jmxremote.ssl=false -Dspring.jmx.enabled=true -Djava.rmi.server.hostname=localhost -Dspring.application.admin.enabled=true -Dspring.boot.project.name=lifeledger-backend -XX:+ShowCodeDetailsInExceptionMessages -Dmanagement.endpoints.jmx.exposure.include=* com.Life_ledger.LifeLedgerBackendApplication

Host: AMD Ryzen 5 5500U with Radeon Graphics         , 12 cores, 7G,  Windows 11 , 64 bit Build 26100 (10.0.26100.7019)
Time: Tue Dec  2 14:28:34 2025 India Standard Time elapsed time: 8595.725957 seconds (0d 2h 23m 15s)

---------------  T H R E A D  ---------------

Current thread (0x00000296fe0aa290):  VMThread "VM Thread"          [id=4304, stack(0x000000dcbed00000,0x000000dcbee00000) (1024K)]

Stack: [0x000000dcbed00000,0x000000dcbee00000]
Native frames: (J=compiled Java code, j=interpreted, Vv=VM code, C=native code)
V  [jvm.dll+0x6cdee9]
V  [jvm.dll+0x8a83d1]
V  [jvm.dll+0x8aa8fe]
V  [jvm.dll+0x8aafe3]
V  [jvm.dll+0x27f706]
V  [jvm.dll+0x6ca755]
V  [jvm.dll+0x6bea3a]
V  [jvm.dll+0x355d6a]
V  [jvm.dll+0x35d936]
V  [jvm.dll+0x3af58e]
V  [jvm.dll+0x3af838]
V  [jvm.dll+0x329efc]
V  [jvm.dll+0x329f87]
V  [jvm.dll+0x36dd4c]
V  [jvm.dll+0x36c598]
V  [jvm.dll+0x3296c1]
V  [jvm.dll+0x36bfc8]
V  [jvm.dll+0x8b0cff]
V  [jvm.dll+0x8b2084]
V  [jvm.dll+0x8b25c0]
V  [jvm.dll+0x8b2863]
V  [jvm.dll+0x851f8b]
V  [jvm.dll+0x6cc5ed]
C  [ucrtbase.dll+0x37b0]
C  [KERNEL32.DLL+0x2e8d7]
C  [ntdll.dll+0x8c53c]

VM_Operation (0x000000dcc06fcbc0): G1TryInitiateConcMark, mode: safepoint, requested by thread 0x00000296caa861c0


---------------  P R O C E S S  ---------------

Threads class SMR info:
_java_thread_list=0x00000296c81bdee0, length=24, elements={
0x00000296fe0c7d40, 0x00000296fe0c8790, 0x00000296fe0d5180, 0x00000296fe0d5d00,
0x00000296fe0d2d60, 0x00000296fe0d2040, 0x00000296fe981930, 0x00000296fe98add0,
0x00000296fe0d26d0, 0x00000296fe0d33f0, 0x00000296fe0cff70, 0x00000296fe0d0c90,
0x00000296fe0d0600, 0x00000296fe0d19b0, 0x00000296c542fca0, 0x00000296c5433e40,
0x00000296cb2be6f0, 0x00000296c8406530, 0x00000296ff33d650, 0x00000296c83ca950,
0x00000296d13a5f80, 0x00000296caa861c0, 0x00000296c7fd1ec0, 0x00000296c7fd47a0
}

Java Threads: ( => current thread )
  0x00000296fe0c7d40 JavaThread "Reference Handler"          daemon [_thread_blocked, id=13360, stack(0x000000dcbee00000,0x000000dcbef00000) (1024K)]
  0x00000296fe0c8790 JavaThread "Finalizer"                  daemon [_thread_blocked, id=15328, stack(0x000000dcbef00000,0x000000dcbf000000) (1024K)]
  0x00000296fe0d5180 JavaThread "Signal Dispatcher"          daemon [_thread_blocked, id=17728, stack(0x000000dcbf000000,0x000000dcbf100000) (1024K)]
  0x00000296fe0d5d00 JavaThread "Attach Listener"            daemon [_thread_blocked, id=10716, stack(0x000000dcbf100000,0x000000dcbf200000) (1024K)]
  0x00000296fe0d2d60 JavaThread "Service Thread"             daemon [_thread_blocked, id=28056, stack(0x000000dcbf200000,0x000000dcbf300000) (1024K)]
  0x00000296fe0d2040 JavaThread "Monitor Deflation Thread"   daemon [_thread_blocked, id=5228, stack(0x000000dcbf300000,0x000000dcbf400000) (1024K)]
  0x00000296fe981930 JavaThread "C2 CompilerThread0"         daemon [_thread_blocked, id=8716, stack(0x000000dcbf400000,0x000000dcbf500000) (1024K)]
  0x00000296fe98add0 JavaThread "C1 CompilerThread0"         daemon [_thread_blocked, id=28352, stack(0x000000dcbf500000,0x000000dcbf600000) (1024K)]
  0x00000296fe0d26d0 JavaThread "Common-Cleaner"             daemon [_thread_blocked, id=11772, stack(0x000000dcbf600000,0x000000dcbf700000) (1024K)]
  0x00000296fe0d33f0 JavaThread "Notification Thread"        daemon [_thread_blocked, id=5548, stack(0x000000dcbf700000,0x000000dcbf800000) (1024K)]
  0x00000296fe0cff70 JavaThread "RMI TCP Accept-0"           daemon [_thread_in_native, id=24312, stack(0x000000dcbf900000,0x000000dcbfa00000) (1024K)]
  0x00000296fe0d0c90 JavaThread "RMI TCP Accept-54947"       daemon [_thread_in_native, id=5668, stack(0x000000dcbfa00000,0x000000dcbfb00000) (1024K)]
  0x00000296fe0d0600 JavaThread "RMI TCP Accept-0"           daemon [_thread_in_native, id=23036, stack(0x000000dcbfb00000,0x000000dcbfc00000) (1024K)]
  0x00000296fe0d19b0 JavaThread "RMI Scheduler(0)"           daemon [_thread_blocked, id=13672, stack(0x000000dcc0400000,0x000000dcc0500000) (1024K)]
  0x00000296c542fca0 JavaThread "JMX server connection timeout 36" daemon [_thread_blocked, id=13860, stack(0x000000dcc0700000,0x000000dcc0800000) (1024K)]
  0x00000296c5433e40 JavaThread "Live Reload Server"         daemon [_thread_in_native, id=1444, stack(0x000000dcc1800000,0x000000dcc1900000) (1024K)]
  0x00000296cb2be6f0 JavaThread "DestroyJavaVM"                     [_thread_blocked, id=27028, stack(0x000000dcbe600000,0x000000dcbe700000) (1024K)]
  0x00000296c8406530 JavaThread "RMI TCP Connection(10)-127.0.0.1" daemon [_thread_blocked, id=28656, stack(0x000000dcbe300000,0x000000dcbe400000) (1024K)]
  0x00000296ff33d650 JavaThread "Thread-39"                         [_thread_blocked, id=19944, stack(0x000000dcbe400000,0x000000dcbe500000) (1024K)]
  0x00000296c83ca950 JavaThread "File Watcher"               daemon [_thread_blocked, id=24476, stack(0x000000dcbe500000,0x000000dcbe600000) (1024K)]
  0x00000296d13a5f80 JavaThread "File Watcher"               daemon [_thread_blocked, id=16860, stack(0x000000dcc0500000,0x000000dcc0600000) (1024K)]
  0x00000296caa861c0 JavaThread "restartedMain"                     [_thread_blocked, id=12152, stack(0x000000dcc0600000,0x000000dcc0700000) (1024K)]
  0x00000296c7fd1ec0 JavaThread "C2 CompilerThread1"         daemon [_thread_blocked, id=17592, stack(0x000000dcc0800000,0x000000dcc0900000) (1024K)]
  0x00000296c7fd47a0 JavaThread "C2 CompilerThread2"         daemon [_thread_blocked, id=21744, stack(0x000000dcc0900000,0x000000dcc0a00000) (1024K)]
Total: 24

Other Threads:
=>0x00000296fe0aa290 VMThread "VM Thread"                           [id=4304, stack(0x000000dcbed00000,0x000000dcbee00000) (1024K)]
  0x00000296fe0978b0 WatcherThread "VM Periodic Task Thread"        [id=15400, stack(0x000000dcbec00000,0x000000dcbed00000) (1024K)]
  0x00000296e1c4ff10 WorkerThread "GC Thread#0"                     [id=11048, stack(0x000000dcbe700000,0x000000dcbe800000) (1024K)]
  0x00000296c5363830 WorkerThread "GC Thread#1"                     [id=22920, stack(0x000000dcbfc00000,0x000000dcbfd00000) (1024K)]
  0x00000296ff384ec0 WorkerThread "GC Thread#2"                     [id=22564, stack(0x000000dcbfd00000,0x000000dcbfe00000) (1024K)]
  0x00000296c536ebd0 WorkerThread "GC Thread#3"                     [id=10876, stack(0x000000dcbfe00000,0x000000dcbff00000) (1024K)]
  0x00000296ff53a320 WorkerThread "GC Thread#4"                     [id=1936, stack(0x000000dcbff00000,0x000000dcc0000000) (1024K)]
  0x00000296ff53a6c0 WorkerThread "GC Thread#5"                     [id=17336, stack(0x000000dcc0000000,0x000000dcc0100000) (1024K)]
  0x00000296c540cbe0 WorkerThread "GC Thread#6"                     [id=22936, stack(0x000000dcc0100000,0x000000dcc0200000) (1024K)]
  0x00000296c539cc50 WorkerThread "GC Thread#7"                     [id=25680, stack(0x000000dcc0200000,0x000000dcc0300000) (1024K)]
  0x00000296c539cff0 WorkerThread "GC Thread#8"                     [id=16268, stack(0x000000dcc0300000,0x000000dcc0400000) (1024K)]
  0x00000296c55e68f0 WorkerThread "GC Thread#9"                     [id=22640, stack(0x000000dcc0b00000,0x000000dcc0c00000) (1024K)]
  0x00000296e1c607f0 ConcurrentGCThread "G1 Main Marker"            [id=8732, stack(0x000000dcbe800000,0x000000dcbe900000) (1024K)]
  0x00000296e1c62300 WorkerThread "G1 Conc#0"                       [id=15204, stack(0x000000dcbe900000,0x000000dcbea00000) (1024K)]
  0x00000296c55e7030 WorkerThread "G1 Conc#1"                       [id=24328, stack(0x000000dcc0d00000,0x000000dcc0e00000) (1024K)]
  0x00000296c55e5e10 WorkerThread "G1 Conc#2"                       [id=27416, stack(0x000000dcc0e00000,0x000000dcc0f00000) (1024K)]
  0x00000296fdf660c0 ConcurrentGCThread "G1 Refine#0"               [id=27376, stack(0x000000dcbea00000,0x000000dcbeb00000) (1024K)]
  0x00000296fdf679f0 ConcurrentGCThread "G1 Service"                [id=20932, stack(0x000000dcbeb00000,0x000000dcbec00000) (1024K)]
Total: 18

Threads with active compile tasks:
C2 CompilerThread0  8595889 43285   !   4       org.springframework.context.annotation.ConfigurationClassUtils::checkConfigurationClassCandidate (315 bytes)
C2 CompilerThread2  8595889 43395 %     4       java.util.jar.Manifest::read @ 48 (411 bytes)
Total: 2

VM state: at safepoint (normal execution)

VM Mutex/Monitor currently owned by a thread:  ([mutex/lock_event])
[0x00007ffec733e380] Threads_lock - owner thread: 0x00000296fe0aa290
[0x00007ffec733e480] Heap_lock - owner thread: 0x00000296caa861c0

Heap address: 0x000000008ac00000, size: 1876 MB, Compressed Oops mode: 32-bit

CDS archive(s) mapped at: [0x0000029680000000-0x0000029680c80000-0x0000029680c80000), size 13107200, SharedBaseAddress: 0x0000029680000000, ArchiveRelocationMode: 1.
Compressed class space mapped at: 0x0000029681000000-0x00000296c1000000, reserved size: 1073741824
Narrow klass base: 0x0000029680000000, Narrow klass shift: 0, Narrow klass range: 0x100000000

GC Precious Log:
 CardTable entry size: 512
 Card Set container configuration: InlinePtr #cards 5 size 8 Array Of Cards #cards 12 size 40 Howl #buckets 4 coarsen threshold 1843 Howl Bitmap #cards 512 size 80 coarsen threshold 460 Card regions per heap region 1 cards per card region 2048
 CPUs: 12 total, 12 available
 Memory: 7501M
 Large Page Support: Disabled
 NUMA Support: Disabled
 Compressed Oops: Enabled (32-bit)
 Heap Region Size: 1M
 Heap Min Capacity: 8M
 Heap Initial Capacity: 118M
 Heap Max Capacity: 1876M
 Pre-touch: Disabled
 Parallel Workers: 10
 Concurrent Workers: 3
 Concurrent Refinement Workers: 10
 Periodic GC: Disabled

Heap:
 garbage-first heap   total 256000K, used 71114K [0x000000008ac00000, 0x0000000100000000)
  region size 1024K, 7 young (7168K), 7 survivors (7168K)
 Metaspace       used 120253K, committed 121216K, reserved 1179648K
  class space    used 14807K, committed 15232K, reserved 1048576K

Heap Regions: E=young(eden), S=young(survivor), O=old, HS=humongous(starts), HC=humongous(continues), CS=collection set, F=free, TAMS=top-at-mark-start, PB=parsable bottom
|   0|0x000000008ac00000, 0x000000008ad00000, 0x000000008ad00000|100%|HS|  |TAMS 0x000000008ad00000| PB 0x000000008ac00000| Complete 
|   1|0x000000008ad00000, 0x000000008ae00000, 0x000000008ae00000|100%|HS|  |TAMS 0x000000008ae00000| PB 0x000000008ad00000| Complete 
|   2|0x000000008ae00000, 0x000000008af00000, 0x000000008af00000|100%| O|  |TAMS 0x000000008af00000| PB 0x000000008ae00000| Untracked 
|   3|0x000000008af00000, 0x000000008b000000, 0x000000008b000000|100%| O|  |TAMS 0x000000008b000000| PB 0x000000008af00000| Untracked 
|   4|0x000000008b000000, 0x000000008b100000, 0x000000008b100000|100%| O|  |TAMS 0x000000008b100000| PB 0x000000008b000000| Untracked 
|   5|0x000000008b100000, 0x000000008b1ffff0, 0x000000008b200000| 99%| O|  |TAMS 0x000000008b1ffff0| PB 0x000000008b100000| Untracked 
|   6|0x000000008b200000, 0x000000008b2fffa8, 0x000000008b300000| 99%| O|  |TAMS 0x000000008b2fffa8| PB 0x000000008b200000| Untracked 
|   7|0x000000008b300000, 0x000000008b3fffe0, 0x000000008b400000| 99%| O|  |TAMS 0x000000008b3fffe0| PB 0x000000008b300000| Untracked 
|   8|0x000000008b400000, 0x000000008b4ffff0, 0x000000008b500000| 99%| O|  |TAMS 0x000000008b4ffff0| PB 0x000000008b400000| Untracked 
|   9|0x000000008b500000, 0x000000008b5fff20, 0x000000008b600000| 99%| O|  |TAMS 0x000000008b5fff20| PB 0x000000008b500000| Untracked 
|  10|0x000000008b600000, 0x000000008b6fffe0, 0x000000008b700000| 99%| O|  |TAMS 0x000000008b6fffe0| PB 0x000000008b600000| Untracked 
|  11|0x000000008b700000, 0x000000008b7ef650, 0x000000008b800000| 93%| O|  |TAMS 0x000000008b7ef650| PB 0x000000008b700000| Untracked 
|  12|0x000000008b800000, 0x000000008b900000, 0x000000008b900000|100%| O|  |TAMS 0x000000008b900000| PB 0x000000008b800000| Untracked 
|  13|0x000000008b900000, 0x000000008b9ffff8, 0x000000008ba00000| 99%| O|  |TAMS 0x000000008b9ffff8| PB 0x000000008b900000| Untracked 
|  14|0x000000008ba00000, 0x000000008baffff0, 0x000000008bb00000| 99%| O|  |TAMS 0x000000008baffff0| PB 0x000000008ba00000| Untracked 
|  15|0x000000008bb00000, 0x000000008bbfff98, 0x000000008bc00000| 99%| O|  |TAMS 0x000000008bbfff98| PB 0x000000008bb00000| Untracked 
|  16|0x000000008bc00000, 0x000000008bcfffd0, 0x000000008bd00000| 99%| O|  |TAMS 0x000000008bcfffd0| PB 0x000000008bc00000| Untracked 
|  17|0x000000008bd00000, 0x000000008bdffff0, 0x000000008be00000| 99%| O|  |TAMS 0x000000008bdffff0| PB 0x000000008bd00000| Untracked 
|  18|0x000000008be00000, 0x000000008beffff0, 0x000000008bf00000| 99%| O|  |TAMS 0x000000008beffff0| PB 0x000000008be00000| Untracked 
|  19|0x000000008bf00000, 0x000000008bffffe8, 0x000000008c000000| 99%| O|  |TAMS 0x000000008bffffe8| PB 0x000000008bf00000| Untracked 
|  20|0x000000008c000000, 0x000000008c0fe550, 0x000000008c100000| 99%| O|  |TAMS 0x000000008c0fe550| PB 0x000000008c000000| Untracked 
|  21|0x000000008c100000, 0x000000008c1fc800, 0x000000008c200000| 98%| O|  |TAMS 0x000000008c1fc800| PB 0x000000008c100000| Untracked 
|  22|0x000000008c200000, 0x000000008c300000, 0x000000008c300000|100%| O|  |TAMS 0x000000008c300000| PB 0x000000008c200000| Untracked 
|  23|0x000000008c300000, 0x000000008c3f8c98, 0x000000008c400000| 97%| O|  |TAMS 0x000000008c3f8c98| PB 0x000000008c300000| Untracked 
|  24|0x000000008c400000, 0x000000008c500000, 0x000000008c500000|100%| O|  |TAMS 0x000000008c500000| PB 0x000000008c400000| Untracked 
|  25|0x000000008c500000, 0x000000008c5fffc8, 0x000000008c600000| 99%| O|  |TAMS 0x000000008c5fffc8| PB 0x000000008c500000| Untracked 
|  26|0x000000008c600000, 0x000000008c6ffff8, 0x000000008c700000| 99%| O|  |TAMS 0x000000008c6ffff8| PB 0x000000008c600000| Untracked 
|  27|0x000000008c700000, 0x000000008c7fcd00, 0x000000008c800000| 98%| O|  |TAMS 0x000000008c7fcd00| PB 0x000000008c700000| Untracked 
|  28|0x000000008c800000, 0x000000008c900000, 0x000000008c900000|100%| O|  |TAMS 0x000000008c900000| PB 0x000000008c800000| Untracked 
|  29|0x000000008c900000, 0x000000008ca00000, 0x000000008ca00000|100%| O|  |TAMS 0x000000008ca00000| PB 0x000000008c900000| Untracked 
|  30|0x000000008ca00000, 0x000000008caffff0, 0x000000008cb00000| 99%| O|  |TAMS 0x000000008caffff0| PB 0x000000008ca00000| Untracked 
|  31|0x000000008cb00000, 0x000000008cbfffd0, 0x000000008cc00000| 99%| O|  |TAMS 0x000000008cbfffd0| PB 0x000000008cb00000| Untracked 
|  32|0x000000008cc00000, 0x000000008ccfff48, 0x000000008cd00000| 99%| O|  |TAMS 0x000000008ccfff48| PB 0x000000008cc00000| Untracked 
|  33|0x000000008cd00000, 0x000000008cdfffc0, 0x000000008ce00000| 99%| O|  |TAMS 0x000000008cdfffc0| PB 0x000000008cd00000| Untracked 
|  34|0x000000008ce00000, 0x000000008ceffff8, 0x000000008cf00000| 99%| O|  |TAMS 0x000000008ceffff8| PB 0x000000008ce00000| Untracked 
|  35|0x000000008cf00000, 0x000000008cffffb0, 0x000000008d000000| 99%| O|  |TAMS 0x000000008cffffb0| PB 0x000000008cf00000| Untracked 
|  36|0x000000008d000000, 0x000000008d0fffe8, 0x000000008d100000| 99%| O|  |TAMS 0x000000008d0fffe8| PB 0x000000008d000000| Untracked 
|  37|0x000000008d100000, 0x000000008d1ffff8, 0x000000008d200000| 99%| O|  |TAMS 0x000000008d1ffff8| PB 0x000000008d100000| Untracked 
|  38|0x000000008d200000, 0x000000008d300000, 0x000000008d300000|100%| O|  |TAMS 0x000000008d300000| PB 0x000000008d200000| Untracked 
|  39|0x000000008d300000, 0x000000008d3be028, 0x000000008d400000| 74%| O|  |TAMS 0x000000008d3be028| PB 0x000000008d300000| Untracked 
|  40|0x000000008d400000, 0x000000008d4ffbc8, 0x000000008d500000| 99%| O|  |TAMS 0x000000008d4ffbc8| PB 0x000000008d400000| Untracked 
|  41|0x000000008d500000, 0x000000008d5ffff8, 0x000000008d600000| 99%| O|  |TAMS 0x000000008d5ffff8| PB 0x000000008d500000| Untracked 
|  42|0x000000008d600000, 0x000000008d6fffe8, 0x000000008d700000| 99%| O|  |TAMS 0x000000008d6fffe8| PB 0x000000008d600000| Untracked 
|  43|0x000000008d700000, 0x000000008d800000, 0x000000008d800000|100%| O|  |TAMS 0x000000008d800000| PB 0x000000008d700000| Untracked 
|  44|0x000000008d800000, 0x000000008d8fffe8, 0x000000008d900000| 99%| O|  |TAMS 0x000000008d8fffe8| PB 0x000000008d800000| Untracked 
|  45|0x000000008d900000, 0x000000008da00000, 0x000000008da00000|100%| O|  |TAMS 0x000000008da00000| PB 0x000000008d900000| Untracked 
|  46|0x000000008da00000, 0x000000008da00000, 0x000000008db00000|  0%| F|  |TAMS 0x000000008da00000| PB 0x000000008da00000| Untracked 
|  47|0x000000008db00000, 0x000000008dbae650, 0x000000008dc00000| 68%| O|  |TAMS 0x000000008dbae650| PB 0x000000008db00000| Untracked 
|  48|0x000000008dc00000, 0x000000008dd00000, 0x000000008dd00000|100%| O|  |TAMS 0x000000008dd00000| PB 0x000000008dc00000| Untracked 
|  49|0x000000008dd00000, 0x000000008de00000, 0x000000008de00000|100%| O|  |TAMS 0x000000008de00000| PB 0x000000008dd00000| Untracked 
|  50|0x000000008de00000, 0x000000008df00000, 0x000000008df00000|100%| O|  |TAMS 0x000000008df00000| PB 0x000000008de00000| Untracked 
|  51|0x000000008df00000, 0x000000008e000000, 0x000000008e000000|100%| O|  |TAMS 0x000000008e000000| PB 0x000000008df00000| Untracked 
|  52|0x000000008e000000, 0x000000008e100000, 0x000000008e100000|100%| O|  |TAMS 0x000000008e100000| PB 0x000000008e000000| Untracked 
|  53|0x000000008e100000, 0x000000008e200000, 0x000000008e200000|100%| O|  |TAMS 0x000000008e200000| PB 0x000000008e100000| Untracked 
|  54|0x000000008e200000, 0x000000008e2bc8c8, 0x000000008e300000| 73%| O|  |TAMS 0x000000008e2bc8c8| PB 0x000000008e200000| Untracked 
|  55|0x000000008e300000, 0x000000008e400000, 0x000000008e400000|100%| O|  |TAMS 0x000000008e400000| PB 0x000000008e300000| Untracked 
|  56|0x000000008e400000, 0x000000008e500000, 0x000000008e500000|100%| O|  |TAMS 0x000000008e500000| PB 0x000000008e400000| Untracked 
|  57|0x000000008e500000, 0x000000008e600000, 0x000000008e600000|100%| O|  |TAMS 0x000000008e600000| PB 0x000000008e500000| Untracked 
|  58|0x000000008e600000, 0x000000008e700000, 0x000000008e700000|100%| O|  |TAMS 0x000000008e700000| PB 0x000000008e600000| Untracked 
|  59|0x000000008e700000, 0x000000008e800000, 0x000000008e800000|100%| O|  |TAMS 0x000000008e800000| PB 0x000000008e700000| Untracked 
|  60|0x000000008e800000, 0x000000008e840aa0, 0x000000008e900000| 25%| O|  |TAMS 0x000000008e840aa0| PB 0x000000008e800000| Untracked 
|  61|0x000000008e900000, 0x000000008ea00000, 0x000000008ea00000|100%| O|  |TAMS 0x000000008ea00000| PB 0x000000008e900000| Untracked 
|  62|0x000000008ea00000, 0x000000008eb00000, 0x000000008eb00000|100%| O|  |TAMS 0x000000008eb00000| PB 0x000000008ea00000| Untracked 
|  63|0x000000008eb00000, 0x000000008ec00000, 0x000000008ec00000|100%| O|  |TAMS 0x000000008ec00000| PB 0x000000008eb00000| Untracked 
|  64|0x000000008ec00000, 0x000000008ed00000, 0x000000008ed00000|100%| O|  |TAMS 0x000000008ed00000| PB 0x000000008ec00000| Untracked 
|  65|0x000000008ed00000, 0x000000008ee00000, 0x000000008ee00000|100%| O|  |TAMS 0x000000008ee00000| PB 0x000000008ed00000| Untracked 
|  66|0x000000008ee00000, 0x000000008ee00000, 0x000000008ef00000|  0%| F|  |TAMS 0x000000008ee00000| PB 0x000000008ee00000| Untracked 
|  67|0x000000008ef00000, 0x000000008ef00000, 0x000000008f000000|  0%| F|  |TAMS 0x000000008ef00000| PB 0x000000008ef00000| Untracked 
|  68|0x000000008f000000, 0x000000008f000000, 0x000000008f100000|  0%| F|  |TAMS 0x000000008f000000| PB 0x000000008f000000| Untracked 
|  69|0x000000008f100000, 0x000000008f100000, 0x000000008f200000|  0%| F|  |TAMS 0x000000008f100000| PB 0x000000008f100000| Untracked 
|  70|0x000000008f200000, 0x000000008f200000, 0x000000008f300000|  0%| F|  |TAMS 0x000000008f200000| PB 0x000000008f200000| Untracked 
|  71|0x000000008f300000, 0x000000008f300000, 0x000000008f400000|  0%| F|  |TAMS 0x000000008f300000| PB 0x000000008f300000| Untracked 
|  72|0x000000008f400000, 0x000000008f400000, 0x000000008f500000|  0%| F|  |TAMS 0x000000008f400000| PB 0x000000008f400000| Untracked 
|  73|0x000000008f500000, 0x000000008f500000, 0x000000008f600000|  0%| F|  |TAMS 0x000000008f500000| PB 0x000000008f500000| Untracked 
|  74|0x000000008f600000, 0x000000008f600000, 0x000000008f700000|  0%| F|  |TAMS 0x000000008f600000| PB 0x000000008f600000| Untracked 
|  75|0x000000008f700000, 0x000000008f700000, 0x000000008f800000|  0%| F|  |TAMS 0x000000008f700000| PB 0x000000008f700000| Untracked 
|  76|0x000000008f800000, 0x000000008f800000, 0x000000008f900000|  0%| F|  |TAMS 0x000000008f800000| PB 0x000000008f800000| Untracked 
|  77|0x000000008f900000, 0x000000008f900000, 0x000000008fa00000|  0%| F|  |TAMS 0x000000008f900000| PB 0x000000008f900000| Untracked 
|  78|0x000000008fa00000, 0x000000008fa00000, 0x000000008fb00000|  0%| F|  |TAMS 0x000000008fa00000| PB 0x000000008fa00000| Untracked 
|  79|0x000000008fb00000, 0x000000008fb00000, 0x000000008fc00000|  0%| F|  |TAMS 0x000000008fb00000| PB 0x000000008fb00000| Untracked 
|  80|0x000000008fc00000, 0x000000008fc00000, 0x000000008fd00000|  0%| F|  |TAMS 0x000000008fc00000| PB 0x000000008fc00000| Untracked 
|  81|0x000000008fd00000, 0x000000008fd00000, 0x000000008fe00000|  0%| F|  |TAMS 0x000000008fd00000| PB 0x000000008fd00000| Untracked 
|  82|0x000000008fe00000, 0x000000008fe00000, 0x000000008ff00000|  0%| F|  |TAMS 0x000000008fe00000| PB 0x000000008fe00000| Untracked 
|  83|0x000000008ff00000, 0x000000008ff00000, 0x0000000090000000|  0%| F|  |TAMS 0x000000008ff00000| PB 0x000000008ff00000| Untracked 
|  84|0x0000000090000000, 0x0000000090000000, 0x0000000090100000|  0%| F|  |TAMS 0x0000000090000000| PB 0x0000000090000000| Untracked 
|  85|0x0000000090100000, 0x0000000090100000, 0x0000000090200000|  0%| F|  |TAMS 0x0000000090100000| PB 0x0000000090100000| Untracked 
|  86|0x0000000090200000, 0x0000000090200000, 0x0000000090300000|  0%| F|  |TAMS 0x0000000090200000| PB 0x0000000090200000| Untracked 
|  87|0x0000000090300000, 0x0000000090300000, 0x0000000090400000|  0%| F|  |TAMS 0x0000000090300000| PB 0x0000000090300000| Untracked 
|  88|0x0000000090400000, 0x0000000090400000, 0x0000000090500000|  0%| F|  |TAMS 0x0000000090400000| PB 0x0000000090400000| Untracked 
|  89|0x0000000090500000, 0x0000000090500000, 0x0000000090600000|  0%| F|  |TAMS 0x0000000090500000| PB 0x0000000090500000| Untracked 
|  90|0x0000000090600000, 0x0000000090600000, 0x0000000090700000|  0%| F|  |TAMS 0x0000000090600000| PB 0x0000000090600000| Untracked 
|  91|0x0000000090700000, 0x0000000090700000, 0x0000000090800000|  0%| F|  |TAMS 0x0000000090700000| PB 0x0000000090700000| Untracked 
|  92|0x0000000090800000, 0x0000000090800000, 0x0000000090900000|  0%| F|  |TAMS 0x0000000090800000| PB 0x0000000090800000| Untracked 
|  93|0x0000000090900000, 0x0000000090900000, 0x0000000090a00000|  0%| F|  |TAMS 0x0000000090900000| PB 0x0000000090900000| Untracked 
|  94|0x0000000090a00000, 0x0000000090a00000, 0x0000000090b00000|  0%| F|  |TAMS 0x0000000090a00000| PB 0x0000000090a00000| Untracked 
|  95|0x0000000090b00000, 0x0000000090b00000, 0x0000000090c00000|  0%| F|  |TAMS 0x0000000090b00000| PB 0x0000000090b00000| Untracked 
|  96|0x0000000090c00000, 0x0000000090c00000, 0x0000000090d00000|  0%| F|  |TAMS 0x0000000090c00000| PB 0x0000000090c00000| Untracked 
|  97|0x0000000090d00000, 0x0000000090d00000, 0x0000000090e00000|  0%| F|  |TAMS 0x0000000090d00000| PB 0x0000000090d00000| Untracked 
|  98|0x0000000090e00000, 0x0000000090e00000, 0x0000000090f00000|  0%| F|  |TAMS 0x0000000090e00000| PB 0x0000000090e00000| Untracked 
|  99|0x0000000090f00000, 0x0000000090f00000, 0x0000000091000000|  0%| F|  |TAMS 0x0000000090f00000| PB 0x0000000090f00000| Untracked 
| 100|0x0000000091000000, 0x0000000091000000, 0x0000000091100000|  0%| F|  |TAMS 0x0000000091000000| PB 0x0000000091000000| Untracked 
| 101|0x0000000091100000, 0x0000000091100000, 0x0000000091200000|  0%| F|  |TAMS 0x0000000091100000| PB 0x0000000091100000| Untracked 
| 102|0x0000000091200000, 0x0000000091200000, 0x0000000091300000|  0%| F|  |TAMS 0x0000000091200000| PB 0x0000000091200000| Untracked 
| 103|0x0000000091300000, 0x0000000091300000, 0x0000000091400000|  0%| F|  |TAMS 0x0000000091300000| PB 0x0000000091300000| Untracked 
| 104|0x0000000091400000, 0x0000000091400000, 0x0000000091500000|  0%| F|  |TAMS 0x0000000091400000| PB 0x0000000091400000| Untracked 
| 105|0x0000000091500000, 0x0000000091500000, 0x0000000091600000|  0%| F|  |TAMS 0x0000000091500000| PB 0x0000000091500000| Untracked 
| 106|0x0000000091600000, 0x0000000091600000, 0x0000000091700000|  0%| F|  |TAMS 0x0000000091600000| PB 0x0000000091600000| Untracked 
| 107|0x0000000091700000, 0x0000000091700000, 0x0000000091800000|  0%| F|  |TAMS 0x0000000091700000| PB 0x0000000091700000| Untracked 
| 108|0x0000000091800000, 0x0000000091800000, 0x0000000091900000|  0%| F|  |TAMS 0x0000000091800000| PB 0x0000000091800000| Untracked 
| 109|0x0000000091900000, 0x0000000091900000, 0x0000000091a00000|  0%| F|  |TAMS 0x0000000091900000| PB 0x0000000091900000| Untracked 
| 110|0x0000000091a00000, 0x0000000091a00000, 0x0000000091b00000|  0%| F|  |TAMS 0x0000000091a00000| PB 0x0000000091a00000| Untracked 
| 111|0x0000000091b00000, 0x0000000091b00000, 0x0000000091c00000|  0%| F|  |TAMS 0x0000000091b00000| PB 0x0000000091b00000| Untracked 
| 112|0x0000000091c00000, 0x0000000091c00000, 0x0000000091d00000|  0%| F|  |TAMS 0x0000000091c00000| PB 0x0000000091c00000| Untracked 
| 113|0x0000000091d00000, 0x0000000091d00000, 0x0000000091e00000|  0%| F|  |TAMS 0x0000000091d00000| PB 0x0000000091d00000| Untracked 
| 114|0x0000000091e00000, 0x0000000091e00000, 0x0000000091f00000|  0%| F|  |TAMS 0x0000000091e00000| PB 0x0000000091e00000| Untracked 
| 115|0x0000000091f00000, 0x0000000091f00000, 0x0000000092000000|  0%| F|  |TAMS 0x0000000091f00000| PB 0x0000000091f00000| Untracked 
| 116|0x0000000092000000, 0x0000000092000000, 0x0000000092100000|  0%| F|  |TAMS 0x0000000092000000| PB 0x0000000092000000| Untracked 
| 117|0x0000000092100000, 0x0000000092100000, 0x0000000092200000|  0%| F|  |TAMS 0x0000000092100000| PB 0x0000000092100000| Untracked 
| 118|0x0000000092200000, 0x0000000092200000, 0x0000000092300000|  0%| F|  |TAMS 0x0000000092200000| PB 0x0000000092200000| Untracked 
| 119|0x0000000092300000, 0x0000000092300000, 0x0000000092400000|  0%| F|  |TAMS 0x0000000092300000| PB 0x0000000092300000| Untracked 
| 120|0x0000000092400000, 0x0000000092400000, 0x0000000092500000|  0%| F|  |TAMS 0x0000000092400000| PB 0x0000000092400000| Untracked 
| 121|0x0000000092500000, 0x0000000092500000, 0x0000000092600000|  0%| F|  |TAMS 0x0000000092500000| PB 0x0000000092500000| Untracked 
| 122|0x0000000092600000, 0x0000000092600000, 0x0000000092700000|  0%| F|  |TAMS 0x0000000092600000| PB 0x0000000092600000| Untracked 
| 123|0x0000000092700000, 0x0000000092700000, 0x0000000092800000|  0%| F|  |TAMS 0x0000000092700000| PB 0x0000000092700000| Untracked 
| 124|0x0000000092800000, 0x0000000092800000, 0x0000000092900000|  0%| F|  |TAMS 0x0000000092800000| PB 0x0000000092800000| Untracked 
| 125|0x0000000092900000, 0x0000000092900000, 0x0000000092a00000|  0%| F|  |TAMS 0x0000000092900000| PB 0x0000000092900000| Untracked 
| 126|0x0000000092a00000, 0x0000000092a00000, 0x0000000092b00000|  0%| F|  |TAMS 0x0000000092a00000| PB 0x0000000092a00000| Untracked 
| 127|0x0000000092b00000, 0x0000000092b00000, 0x0000000092c00000|  0%| F|  |TAMS 0x0000000092b00000| PB 0x0000000092b00000| Untracked 
| 128|0x0000000092c00000, 0x0000000092c00000, 0x0000000092d00000|  0%| F|  |TAMS 0x0000000092c00000| PB 0x0000000092c00000| Untracked 
| 129|0x0000000092d00000, 0x0000000092d00000, 0x0000000092e00000|  0%| F|  |TAMS 0x0000000092d00000| PB 0x0000000092d00000| Untracked 
| 130|0x0000000092e00000, 0x0000000092e00000, 0x0000000092f00000|  0%| F|  |TAMS 0x0000000092e00000| PB 0x0000000092e00000| Untracked 
| 131|0x0000000092f00000, 0x0000000092f00000, 0x0000000093000000|  0%| F|  |TAMS 0x0000000092f00000| PB 0x0000000092f00000| Untracked 
| 132|0x0000000093000000, 0x0000000093000000, 0x0000000093100000|  0%| F|  |TAMS 0x0000000093000000| PB 0x0000000093000000| Untracked 
| 133|0x0000000093100000, 0x0000000093100000, 0x0000000093200000|  0%| F|  |TAMS 0x0000000093100000| PB 0x0000000093100000| Untracked 
| 134|0x0000000093200000, 0x0000000093200000, 0x0000000093300000|  0%| F|  |TAMS 0x0000000093200000| PB 0x0000000093200000| Untracked 
| 135|0x0000000093300000, 0x0000000093300000, 0x0000000093400000|  0%| F|  |TAMS 0x0000000093300000| PB 0x0000000093300000| Untracked 
| 136|0x0000000093400000, 0x0000000093400000, 0x0000000093500000|  0%| F|  |TAMS 0x0000000093400000| PB 0x0000000093400000| Untracked 
| 137|0x0000000093500000, 0x0000000093500000, 0x0000000093600000|  0%| F|  |TAMS 0x0000000093500000| PB 0x0000000093500000| Untracked 
| 138|0x0000000093600000, 0x0000000093600000, 0x0000000093700000|  0%| F|  |TAMS 0x0000000093600000| PB 0x0000000093600000| Untracked 
| 139|0x0000000093700000, 0x0000000093700000, 0x0000000093800000|  0%| F|  |TAMS 0x0000000093700000| PB 0x0000000093700000| Untracked 
| 140|0x0000000093800000, 0x0000000093800000, 0x0000000093900000|  0%| F|  |TAMS 0x0000000093800000| PB 0x0000000093800000| Untracked 
| 141|0x0000000093900000, 0x0000000093900000, 0x0000000093a00000|  0%| F|  |TAMS 0x0000000093900000| PB 0x0000000093900000| Untracked 
| 142|0x0000000093a00000, 0x0000000093a00000, 0x0000000093b00000|  0%| F|  |TAMS 0x0000000093a00000| PB 0x0000000093a00000| Untracked 
| 143|0x0000000093b00000, 0x0000000093b00000, 0x0000000093c00000|  0%| F|  |TAMS 0x0000000093b00000| PB 0x0000000093b00000| Untracked 
| 144|0x0000000093c00000, 0x0000000093c00000, 0x0000000093d00000|  0%| F|  |TAMS 0x0000000093c00000| PB 0x0000000093c00000| Untracked 
| 145|0x0000000093d00000, 0x0000000093d00000, 0x0000000093e00000|  0%| F|  |TAMS 0x0000000093d00000| PB 0x0000000093d00000| Untracked 
| 146|0x0000000093e00000, 0x0000000093e00000, 0x0000000093f00000|  0%| F|  |TAMS 0x0000000093e00000| PB 0x0000000093e00000| Untracked 
| 147|0x0000000093f00000, 0x0000000093f00000, 0x0000000094000000|  0%| F|  |TAMS 0x0000000093f00000| PB 0x0000000093f00000| Untracked 
| 148|0x0000000094000000, 0x0000000094000000, 0x0000000094100000|  0%| F|  |TAMS 0x0000000094000000| PB 0x0000000094000000| Untracked 
| 149|0x0000000094100000, 0x0000000094100000, 0x0000000094200000|  0%| F|  |TAMS 0x0000000094100000| PB 0x0000000094100000| Untracked 
| 150|0x0000000094200000, 0x0000000094200000, 0x0000000094300000|  0%| F|  |TAMS 0x0000000094200000| PB 0x0000000094200000| Untracked 
| 151|0x0000000094300000, 0x0000000094300000, 0x0000000094400000|  0%| F|  |TAMS 0x0000000094300000| PB 0x0000000094300000| Untracked 
| 152|0x0000000094400000, 0x0000000094400000, 0x0000000094500000|  0%| F|  |TAMS 0x0000000094400000| PB 0x0000000094400000| Untracked 
| 153|0x0000000094500000, 0x0000000094500000, 0x0000000094600000|  0%| F|  |TAMS 0x0000000094500000| PB 0x0000000094500000| Untracked 
| 154|0x0000000094600000, 0x0000000094600000, 0x0000000094700000|  0%| F|  |TAMS 0x0000000094600000| PB 0x0000000094600000| Untracked 
| 155|0x0000000094700000, 0x0000000094700000, 0x0000000094800000|  0%| F|  |TAMS 0x0000000094700000| PB 0x0000000094700000| Untracked 
| 156|0x0000000094800000, 0x0000000094829c10, 0x0000000094900000| 16%| S|CS|TAMS 0x0000000094800000| PB 0x0000000094800000| Complete 
| 157|0x0000000094900000, 0x0000000094a00000, 0x0000000094a00000|100%| S|CS|TAMS 0x0000000094900000| PB 0x0000000094900000| Complete 
| 158|0x0000000094a00000, 0x0000000094b00000, 0x0000000094b00000|100%| S|CS|TAMS 0x0000000094a00000| PB 0x0000000094a00000| Complete 
| 159|0x0000000094b00000, 0x0000000094c00000, 0x0000000094c00000|100%| S|CS|TAMS 0x0000000094b00000| PB 0x0000000094b00000| Complete 
| 160|0x0000000094c00000, 0x0000000094d00000, 0x0000000094d00000|100%| S|CS|TAMS 0x0000000094c00000| PB 0x0000000094c00000| Complete 
| 161|0x0000000094d00000, 0x0000000094e00000, 0x0000000094e00000|100%| S|CS|TAMS 0x0000000094d00000| PB 0x0000000094d00000| Complete 
| 162|0x0000000094e00000, 0x0000000094f00000, 0x0000000094f00000|100%| S|CS|TAMS 0x0000000094e00000| PB 0x0000000094e00000| Complete 
| 163|0x0000000094f00000, 0x0000000094f00000, 0x0000000095000000|  0%| F|  |TAMS 0x0000000094f00000| PB 0x0000000094f00000| Untracked 
| 164|0x0000000095000000, 0x0000000095000000, 0x0000000095100000|  0%| F|  |TAMS 0x0000000095000000| PB 0x0000000095000000| Untracked 
| 165|0x0000000095100000, 0x0000000095100000, 0x0000000095200000|  0%| F|  |TAMS 0x0000000095100000| PB 0x0000000095100000| Untracked 
| 166|0x0000000095200000, 0x0000000095200000, 0x0000000095300000|  0%| F|  |TAMS 0x0000000095200000| PB 0x0000000095200000| Untracked 
| 167|0x0000000095300000, 0x0000000095300000, 0x0000000095400000|  0%| F|  |TAMS 0x0000000095300000| PB 0x0000000095300000| Untracked 
| 168|0x0000000095400000, 0x0000000095400000, 0x0000000095500000|  0%| F|  |TAMS 0x0000000095400000| PB 0x0000000095400000| Untracked 
| 169|0x0000000095500000, 0x0000000095500000, 0x0000000095600000|  0%| F|  |TAMS 0x0000000095500000| PB 0x0000000095500000| Untracked 
| 170|0x0000000095600000, 0x0000000095600000, 0x0000000095700000|  0%| F|  |TAMS 0x0000000095600000| PB 0x0000000095600000| Untracked 
| 171|0x0000000095700000, 0x0000000095700000, 0x0000000095800000|  0%| F|  |TAMS 0x0000000095700000| PB 0x0000000095700000| Untracked 
| 172|0x0000000095800000, 0x0000000095800000, 0x0000000095900000|  0%| F|  |TAMS 0x0000000095800000| PB 0x0000000095800000| Untracked 
| 173|0x0000000095900000, 0x0000000095900000, 0x0000000095a00000|  0%| F|  |TAMS 0x0000000095900000| PB 0x0000000095900000| Untracked 
| 174|0x0000000095a00000, 0x0000000095a00000, 0x0000000095b00000|  0%| F|  |TAMS 0x0000000095a00000| PB 0x0000000095a00000| Untracked 
| 175|0x0000000095b00000, 0x0000000095b00000, 0x0000000095c00000|  0%| F|  |TAMS 0x0000000095b00000| PB 0x0000000095b00000| Untracked 
| 176|0x0000000095c00000, 0x0000000095c00000, 0x0000000095d00000|  0%| F|  |TAMS 0x0000000095c00000| PB 0x0000000095c00000| Untracked 
| 177|0x0000000095d00000, 0x0000000095d00000, 0x0000000095e00000|  0%| F|  |TAMS 0x0000000095d00000| PB 0x0000000095d00000| Untracked 
| 178|0x0000000095e00000, 0x0000000095e00000, 0x0000000095f00000|  0%| F|  |TAMS 0x0000000095e00000| PB 0x0000000095e00000| Untracked 
| 179|0x0000000095f00000, 0x0000000095f00000, 0x0000000096000000|  0%| F|  |TAMS 0x0000000095f00000| PB 0x0000000095f00000| Untracked 
| 180|0x0000000096000000, 0x0000000096000000, 0x0000000096100000|  0%| F|  |TAMS 0x0000000096000000| PB 0x0000000096000000| Untracked 
| 181|0x0000000096100000, 0x0000000096100000, 0x0000000096200000|  0%| F|  |TAMS 0x0000000096100000| PB 0x0000000096100000| Untracked 
| 182|0x0000000096200000, 0x0000000096200000, 0x0000000096300000|  0%| F|  |TAMS 0x0000000096200000| PB 0x0000000096200000| Untracked 
| 183|0x0000000096300000, 0x0000000096300000, 0x0000000096400000|  0%| F|  |TAMS 0x0000000096300000| PB 0x0000000096300000| Untracked 
| 184|0x0000000096400000, 0x0000000096400000, 0x0000000096500000|  0%| F|  |TAMS 0x0000000096400000| PB 0x0000000096400000| Untracked 
| 185|0x0000000096500000, 0x0000000096500000, 0x0000000096600000|  0%| F|  |TAMS 0x0000000096500000| PB 0x0000000096500000| Untracked 
| 186|0x0000000096600000, 0x0000000096600000, 0x0000000096700000|  0%| F|  |TAMS 0x0000000096600000| PB 0x0000000096600000| Untracked 
| 187|0x0000000096700000, 0x0000000096700000, 0x0000000096800000|  0%| F|  |TAMS 0x0000000096700000| PB 0x0000000096700000| Untracked 
| 188|0x0000000096800000, 0x0000000096800000, 0x0000000096900000|  0%| F|  |TAMS 0x0000000096800000| PB 0x0000000096800000| Untracked 
| 189|0x0000000096900000, 0x0000000096900000, 0x0000000096a00000|  0%| F|  |TAMS 0x0000000096900000| PB 0x0000000096900000| Untracked 
| 190|0x0000000096a00000, 0x0000000096a00000, 0x0000000096b00000|  0%| F|  |TAMS 0x0000000096a00000| PB 0x0000000096a00000| Untracked 
| 191|0x0000000096b00000, 0x0000000096b00000, 0x0000000096c00000|  0%| F|  |TAMS 0x0000000096b00000| PB 0x0000000096b00000| Untracked 
| 192|0x0000000096c00000, 0x0000000096c00000, 0x0000000096d00000|  0%| F|  |TAMS 0x0000000096c00000| PB 0x0000000096c00000| Untracked 
| 193|0x0000000096d00000, 0x0000000096d00000, 0x0000000096e00000|  0%| F|  |TAMS 0x0000000096d00000| PB 0x0000000096d00000| Untracked 
| 194|0x0000000096e00000, 0x0000000096e00000, 0x0000000096f00000|  0%| F|  |TAMS 0x0000000096e00000| PB 0x0000000096e00000| Untracked 
| 195|0x0000000096f00000, 0x0000000096f00000, 0x0000000097000000|  0%| F|  |TAMS 0x0000000096f00000| PB 0x0000000096f00000| Untracked 
| 196|0x0000000097000000, 0x0000000097000000, 0x0000000097100000|  0%| F|  |TAMS 0x0000000097000000| PB 0x0000000097000000| Untracked 
| 197|0x0000000097100000, 0x0000000097100000, 0x0000000097200000|  0%| F|  |TAMS 0x0000000097100000| PB 0x0000000097100000| Untracked 
| 198|0x0000000097200000, 0x0000000097200000, 0x0000000097300000|  0%| F|  |TAMS 0x0000000097200000| PB 0x0000000097200000| Untracked 
| 199|0x0000000097300000, 0x0000000097300000, 0x0000000097400000|  0%| F|  |TAMS 0x0000000097300000| PB 0x0000000097300000| Untracked 
| 200|0x0000000097400000, 0x0000000097400000, 0x0000000097500000|  0%| F|  |TAMS 0x0000000097400000| PB 0x0000000097400000| Untracked 
| 201|0x0000000097500000, 0x0000000097500000, 0x0000000097600000|  0%| F|  |TAMS 0x0000000097500000| PB 0x0000000097500000| Untracked 
| 202|0x0000000097600000, 0x0000000097600000, 0x0000000097700000|  0%| F|  |TAMS 0x0000000097600000| PB 0x0000000097600000| Untracked 
| 203|0x0000000097700000, 0x0000000097700000, 0x0000000097800000|  0%| F|  |TAMS 0x0000000097700000| PB 0x0000000097700000| Untracked 
| 204|0x0000000097800000, 0x0000000097800000, 0x0000000097900000|  0%| F|  |TAMS 0x0000000097800000| PB 0x0000000097800000| Untracked 
| 205|0x0000000097900000, 0x0000000097900000, 0x0000000097a00000|  0%| F|  |TAMS 0x0000000097900000| PB 0x0000000097900000| Untracked 
| 206|0x0000000097a00000, 0x0000000097a00000, 0x0000000097b00000|  0%| F|  |TAMS 0x0000000097a00000| PB 0x0000000097a00000| Untracked 
| 207|0x0000000097b00000, 0x0000000097b00000, 0x0000000097c00000|  0%| F|  |TAMS 0x0000000097b00000| PB 0x0000000097b00000| Untracked 
| 208|0x0000000097c00000, 0x0000000097c00000, 0x0000000097d00000|  0%| F|  |TAMS 0x0000000097c00000| PB 0x0000000097c00000| Untracked 
| 209|0x0000000097d00000, 0x0000000097d00000, 0x0000000097e00000|  0%| F|  |TAMS 0x0000000097d00000| PB 0x0000000097d00000| Untracked 
| 210|0x0000000097e00000, 0x0000000097e00000, 0x0000000097f00000|  0%| F|  |TAMS 0x0000000097e00000| PB 0x0000000097e00000| Untracked 
| 211|0x0000000097f00000, 0x0000000097f00000, 0x0000000098000000|  0%| F|  |TAMS 0x0000000097f00000| PB 0x0000000097f00000| Untracked 
| 212|0x0000000098000000, 0x0000000098000000, 0x0000000098100000|  0%| F|  |TAMS 0x0000000098000000| PB 0x0000000098000000| Untracked 
| 213|0x0000000098100000, 0x0000000098100000, 0x0000000098200000|  0%| F|  |TAMS 0x0000000098100000| PB 0x0000000098100000| Untracked 
| 214|0x0000000098200000, 0x0000000098200000, 0x0000000098300000|  0%| F|  |TAMS 0x0000000098200000| PB 0x0000000098200000| Untracked 
| 215|0x0000000098300000, 0x0000000098300000, 0x0000000098400000|  0%| F|  |TAMS 0x0000000098300000| PB 0x0000000098300000| Untracked 
| 216|0x0000000098400000, 0x0000000098400000, 0x0000000098500000|  0%| F|  |TAMS 0x0000000098400000| PB 0x0000000098400000| Untracked 
| 217|0x0000000098500000, 0x0000000098500000, 0x0000000098600000|  0%| F|  |TAMS 0x0000000098500000| PB 0x0000000098500000| Untracked 
| 218|0x0000000098600000, 0x0000000098600000, 0x0000000098700000|  0%| F|  |TAMS 0x0000000098600000| PB 0x0000000098600000| Untracked 
| 219|0x0000000098700000, 0x0000000098700000, 0x0000000098800000|  0%| F|  |TAMS 0x0000000098700000| PB 0x0000000098700000| Untracked 
| 220|0x0000000098800000, 0x0000000098800000, 0x0000000098900000|  0%| F|  |TAMS 0x0000000098800000| PB 0x0000000098800000| Untracked 
| 221|0x0000000098900000, 0x0000000098900000, 0x0000000098a00000|  0%| F|  |TAMS 0x0000000098900000| PB 0x0000000098900000| Untracked 
| 222|0x0000000098a00000, 0x0000000098a00000, 0x0000000098b00000|  0%| F|  |TAMS 0x0000000098a00000| PB 0x0000000098a00000| Untracked 
| 223|0x0000000098b00000, 0x0000000098b00000, 0x0000000098c00000|  0%| F|  |TAMS 0x0000000098b00000| PB 0x0000000098b00000| Untracked 
| 224|0x0000000098c00000, 0x0000000098c00000, 0x0000000098d00000|  0%| F|  |TAMS 0x0000000098c00000| PB 0x0000000098c00000| Untracked 
| 225|0x0000000098d00000, 0x0000000098d00000, 0x0000000098e00000|  0%| F|  |TAMS 0x0000000098d00000| PB 0x0000000098d00000| Untracked 
| 226|0x0000000098e00000, 0x0000000098e00000, 0x0000000098f00000|  0%| F|  |TAMS 0x0000000098e00000| PB 0x0000000098e00000| Untracked 
| 227|0x0000000098f00000, 0x0000000098f00000, 0x0000000099000000|  0%| F|  |TAMS 0x0000000098f00000| PB 0x0000000098f00000| Untracked 
| 228|0x0000000099000000, 0x0000000099000000, 0x0000000099100000|  0%| F|  |TAMS 0x0000000099000000| PB 0x0000000099000000| Untracked 
| 229|0x0000000099100000, 0x0000000099100000, 0x0000000099200000|  0%| F|  |TAMS 0x0000000099100000| PB 0x0000000099100000| Untracked 
| 230|0x0000000099200000, 0x0000000099200000, 0x0000000099300000|  0%| F|  |TAMS 0x0000000099200000| PB 0x0000000099200000| Untracked 
| 231|0x0000000099300000, 0x0000000099300000, 0x0000000099400000|  0%| F|  |TAMS 0x0000000099300000| PB 0x0000000099300000| Untracked 
| 232|0x0000000099400000, 0x0000000099400000, 0x0000000099500000|  0%| F|  |TAMS 0x0000000099400000| PB 0x0000000099400000| Untracked 
| 233|0x0000000099500000, 0x0000000099500000, 0x0000000099600000|  0%| F|  |TAMS 0x0000000099500000| PB 0x0000000099500000| Untracked 
| 234|0x0000000099600000, 0x0000000099600000, 0x0000000099700000|  0%| F|  |TAMS 0x0000000099600000| PB 0x0000000099600000| Untracked 
| 235|0x0000000099700000, 0x0000000099700000, 0x0000000099800000|  0%| F|  |TAMS 0x0000000099700000| PB 0x0000000099700000| Untracked 
| 236|0x0000000099800000, 0x0000000099800000, 0x0000000099900000|  0%| F|  |TAMS 0x0000000099800000| PB 0x0000000099800000| Untracked 
| 237|0x0000000099900000, 0x0000000099900000, 0x0000000099a00000|  0%| F|  |TAMS 0x0000000099900000| PB 0x0000000099900000| Untracked 
| 238|0x0000000099a00000, 0x0000000099a00000, 0x0000000099b00000|  0%| F|  |TAMS 0x0000000099a00000| PB 0x0000000099a00000| Untracked 
| 239|0x0000000099b00000, 0x0000000099b00000, 0x0000000099c00000|  0%| F|  |TAMS 0x0000000099b00000| PB 0x0000000099b00000| Untracked 
| 240|0x0000000099c00000, 0x0000000099c00000, 0x0000000099d00000|  0%| F|  |TAMS 0x0000000099c00000| PB 0x0000000099c00000| Untracked 
| 241|0x0000000099d00000, 0x0000000099d00000, 0x0000000099e00000|  0%| F|  |TAMS 0x0000000099d00000| PB 0x0000000099d00000| Untracked 
| 242|0x0000000099e00000, 0x0000000099e00000, 0x0000000099f00000|  0%| F|  |TAMS 0x0000000099e00000| PB 0x0000000099e00000| Untracked 
| 243|0x0000000099f00000, 0x0000000099f00000, 0x000000009a000000|  0%| F|  |TAMS 0x0000000099f00000| PB 0x0000000099f00000| Untracked 
| 244|0x000000009a000000, 0x000000009a000000, 0x000000009a100000|  0%| F|  |TAMS 0x000000009a000000| PB 0x000000009a000000| Untracked 
| 245|0x000000009a100000, 0x000000009a100000, 0x000000009a200000|  0%| F|  |TAMS 0x000000009a100000| PB 0x000000009a100000| Untracked 
| 246|0x000000009a200000, 0x000000009a200000, 0x000000009a300000|  0%| F|  |TAMS 0x000000009a200000| PB 0x000000009a200000| Untracked 
| 247|0x000000009a300000, 0x000000009a300000, 0x000000009a400000|  0%| F|  |TAMS 0x000000009a300000| PB 0x000000009a300000| Untracked 
| 248|0x000000009a400000, 0x000000009a400000, 0x000000009a500000|  0%| F|  |TAMS 0x000000009a400000| PB 0x000000009a400000| Untracked 
|1875|0x00000000fff00000, 0x00000000fff00000, 0x0000000100000000|  0%| F|  |TAMS 0x00000000fff00000| PB 0x00000000fff00000| Untracked 

Card table byte_map: [0x00000296f9bc0000,0x00000296f9f70000] _byte_map_base: 0x00000296f976a000

Marking Bits: (CMBitMap*) 0x00000296e1c50610
 Bits: [0x00000296f9f70000, 0x00000296fbcc0000)

Polling page: 0x00000296dfa10000

Metaspace:

Usage:
  Non-class:    102.97 MB used.
      Class:     14.46 MB used.
       Both:    117.43 MB used.

Virtual space:
  Non-class space:      128.00 MB reserved,     103.50 MB ( 81%) committed,  2 nodes.
      Class space:        1.00 GB reserved,      14.88 MB (  1%) committed,  1 nodes.
             Both:        1.12 GB reserved,     118.38 MB ( 10%) committed. 

Chunk freelists:
   Non-Class:  8.48 MB
       Class:  1.08 MB
        Both:  9.57 MB

MaxMetaspaceSize: unlimited
CompressedClassSpaceSize: 1.00 GB
Initial GC threshold: 21.00 MB
Current GC threshold: 197.75 MB
CDS: on
 - commit_granule_bytes: 65536.
 - commit_granule_words: 8192.
 - virtual_space_node_default_size: 8388608.
 - enlarge_chunks_in_place: 1.
 - use_allocation_guard: 0.


Internal statistics:

num_allocs_failed_limit: 12.
num_arena_births: 3516.
num_arena_deaths: 2134.
num_vsnodes_births: 3.
num_vsnodes_deaths: 0.
num_space_committed: 1925.
num_space_uncommitted: 24.
num_chunks_returned_to_freelist: 3030.
num_chunks_taken_from_freelist: 9565.
num_chunk_merges: 756.
num_chunk_splits: 5413.
num_chunks_enlarged: 3799.
num_inconsistent_stats: 0.

CodeHeap 'non-profiled nmethods': size=120000Kb used=8661Kb max_used=14269Kb free=111338Kb
 bounds [0x00000296f1d90000, 0x00000296f2b80000, 0x00000296f92c0000]
CodeHeap 'profiled nmethods': size=120000Kb used=9379Kb max_used=27215Kb free=110620Kb
 bounds [0x00000296ea2c0000, 0x00000296ebd60000, 0x00000296f17f0000]
CodeHeap 'non-nmethods': size=5760Kb used=1843Kb max_used=1893Kb free=3917Kb
 bounds [0x00000296f17f0000, 0x00000296f1a60000, 0x00000296f1d90000]
 total_blobs=6599 nmethods=5764 adapters=738
 compilation: enabled
              stopped_count=0, restarted_count=0
 full_count=0

Compilation events (20 events):
Event: 8594.214 Thread 0x00000296c7fd47a0 43390       4       java.util.LinkedHashMap$LinkedKeyIterator::<init> (7 bytes)
Event: 8594.223 Thread 0x00000296c7fd47a0 nmethod 43390 0x00000296f2397310 code [0x00000296f23974a0, 0x00000296f23977a8]
Event: 8594.230 Thread 0x00000296c7fd1ec0 nmethod 43382 0x00000296f1ff4690 code [0x00000296f1ff4920, 0x00000296f1ff61a8]
Event: 8594.243 Thread 0x00000296fe98add0 43392       3       org.springframework.boot.util.LambdaSafe$LambdaSafeCallback::<init> (39 bytes)
Event: 8594.244 Thread 0x00000296fe98add0 nmethod 43392 0x00000296ea9b5690 code [0x00000296ea9b58e0, 0x00000296ea9b6288]
Event: 8594.244 Thread 0x00000296fe98add0 43393       3       org.springframework.boot.util.LambdaSafe$GenericTypeFilter::<init> (5 bytes)
Event: 8594.245 Thread 0x00000296fe98add0 nmethod 43393 0x00000296eb26e510 code [0x00000296eb26e6c0, 0x00000296eb26e828]
Event: 8594.282 Thread 0x00000296fe98add0 43394       1       sun.util.locale.BaseLocale::getScript (5 bytes)
Event: 8594.283 Thread 0x00000296fe98add0 nmethod 43394 0x00000296f2396f90 code [0x00000296f2397120, 0x00000296f23971e8]
Event: 8594.301 Thread 0x00000296c7fd47a0 43395 %     4       java.util.jar.Manifest::read @ 48 (411 bytes)
Event: 8594.318 Thread 0x00000296c7fd1ec0 43396       4       sun.nio.fs.WindowsPath::<init> (26 bytes)
Event: 8594.328 Thread 0x00000296c7fd1ec0 nmethod 43396 0x00000296f23b5f90 code [0x00000296f23b6120, 0x00000296f23b6558]
Event: 8594.328 Thread 0x00000296c7fd1ec0 43397       4       java.lang.StringBuilder::<init> (6 bytes)
Event: 8594.341 Thread 0x00000296c7fd1ec0 nmethod 43397 0x00000296f275ed90 code [0x00000296f275ef80, 0x00000296f275f748]
Event: 8594.362 Thread 0x00000296fe98add0 43398       3       sun.nio.fs.WindowsFileSystem::getPath (106 bytes)
Event: 8594.363 Thread 0x00000296fe98add0 nmethod 43398 0x00000296ead4cb90 code [0x00000296ead4ce20, 0x00000296ead4d808]
Event: 8594.372 Thread 0x00000296c7fd1ec0 43399       4       java.util.jar.Attributes::getValue (9 bytes)
Event: 8594.382 Thread 0x00000296c7fd1ec0 nmethod 43399 0x00000296f24f7010 code [0x00000296f24f7200, 0x00000296f24f7540]
Event: 8594.386 Thread 0x00000296fe98add0 43400  s    3       java.util.zip.Inflater$InflaterZStreamRef::run (21 bytes)
Event: 8594.387 Thread 0x00000296fe98add0 nmethod 43400 0x00000296eafb8090 code [0x00000296eafb8240, 0x00000296eafb8480]

GC Heap History (20 events):
Event: 8573.645 GC heap after
{Heap after GC invocations=158 (full 10):
 garbage-first heap   total 173056K, used 61289K [0x000000008ac00000, 0x0000000100000000)
  region size 1024K, 6 young (6144K), 6 survivors (6144K)
 Metaspace       used 119347K, committed 121088K, reserved 1179648K
  class space    used 14695K, committed 15232K, reserved 1048576K
}
Event: 8573.694 GC heap before
{Heap before GC invocations=158 (full 10):
 garbage-first heap   total 173056K, used 63337K [0x000000008ac00000, 0x0000000100000000)
  region size 1024K, 8 young (8192K), 6 survivors (6144K)
 Metaspace       used 119349K, committed 121088K, reserved 1179648K
  class space    used 14695K, committed 15232K, reserved 1048576K
}
Event: 8573.907 GC heap after
{Heap after GC invocations=159 (full 10):
 garbage-first heap   total 267264K, used 62129K [0x000000008ac00000, 0x0000000100000000)
  region size 1024K, 1 young (1024K), 1 survivors (1024K)
 Metaspace       used 119349K, committed 121088K, reserved 1179648K
  class space    used 14695K, committed 15232K, reserved 1048576K
}
Event: 8574.298 GC heap before
{Heap before GC invocations=159 (full 10):
 garbage-first heap   total 267264K, used 74417K [0x000000008ac00000, 0x0000000100000000)
  region size 1024K, 13 young (13312K), 1 survivors (1024K)
 Metaspace       used 119355K, committed 121088K, reserved 1179648K
  class space    used 14695K, committed 15232K, reserved 1048576K
}
Event: 8574.333 GC heap after
{Heap after GC invocations=160 (full 10):
 garbage-first heap   total 267264K, used 62642K [0x000000008ac00000, 0x0000000100000000)
  region size 1024K, 2 young (2048K), 2 survivors (2048K)
 Metaspace       used 119355K, committed 121088K, reserved 1179648K
  class space    used 14695K, committed 15232K, reserved 1048576K
}
Event: 8575.677 GC heap before
{Heap before GC invocations=161 (full 10):
 garbage-first heap   total 215040K, used 69607K [0x000000008ac00000, 0x0000000100000000)
  region size 1024K, 10 young (10240K), 2 survivors (2048K)
 Metaspace       used 119539K, committed 121088K, reserved 1179648K
  class space    used 14712K, committed 15232K, reserved 1048576K
}
Event: 8575.686 GC heap after
{Heap after GC invocations=162 (full 10):
 garbage-first heap   total 215040K, used 63102K [0x000000008ac00000, 0x0000000100000000)
  region size 1024K, 1 young (1024K), 1 survivors (1024K)
 Metaspace       used 119539K, committed 121088K, reserved 1179648K
  class space    used 14712K, committed 15232K, reserved 1048576K
}
Event: 8576.668 GC heap before
{Heap before GC invocations=162 (full 10):
 garbage-first heap   total 215040K, used 72318K [0x000000008ac00000, 0x0000000100000000)
  region size 1024K, 10 young (10240K), 1 survivors (1024K)
 Metaspace       used 119644K, committed 121088K, reserved 1179648K
  class space    used 14725K, committed 15232K, reserved 1048576K
}
Event: 8576.676 GC heap after
{Heap after GC invocations=163 (full 10):
 garbage-first heap   total 215040K, used 63149K [0x000000008ac00000, 0x0000000100000000)
  region size 1024K, 2 young (2048K), 2 survivors (2048K)
 Metaspace       used 119644K, committed 121088K, reserved 1179648K
  class space    used 14725K, committed 15232K, reserved 1048576K
}
Event: 8576.944 GC heap before
{Heap before GC invocations=163 (full 10):
 garbage-first heap   total 215040K, used 70317K [0x000000008ac00000, 0x0000000100000000)
  region size 1024K, 10 young (10240K), 2 survivors (2048K)
 Metaspace       used 119645K, committed 121088K, reserved 1179648K
  class space    used 14725K, committed 15232K, reserved 1048576K
}
Event: 8576.965 GC heap after
{Heap after GC invocations=164 (full 10):
 garbage-first heap   total 215040K, used 63645K [0x000000008ac00000, 0x0000000100000000)
  region size 1024K, 2 young (2048K), 2 survivors (2048K)
 Metaspace       used 119645K, committed 121088K, reserved 1179648K
  class space    used 14725K, committed 15232K, reserved 1048576K
}
Event: 8577.177 GC heap before
{Heap before GC invocations=164 (full 10):
 garbage-first heap   total 215040K, used 68765K [0x000000008ac00000, 0x0000000100000000)
  region size 1024K, 8 young (8192K), 2 survivors (2048K)
 Metaspace       used 119659K, committed 121088K, reserved 1179648K
  class space    used 14728K, committed 15232K, reserved 1048576K
}
Event: 8577.181 GC heap after
{Heap after GC invocations=165 (full 10):
 garbage-first heap   total 215040K, used 63955K [0x000000008ac00000, 0x0000000100000000)
  region size 1024K, 2 young (2048K), 2 survivors (2048K)
 Metaspace       used 119659K, committed 121088K, reserved 1179648K
  class space    used 14728K, committed 15232K, reserved 1048576K
}
Event: 8591.217 GC heap before
{Heap before GC invocations=166 (full 10):
 garbage-first heap   total 215040K, used 84435K [0x000000008ac00000, 0x0000000100000000)
  region size 1024K, 21 young (21504K), 2 survivors (2048K)
 Metaspace       used 119683K, committed 121088K, reserved 1179648K
  class space    used 14732K, committed 15232K, reserved 1048576K
}
Event: 8591.231 GC heap after
{Heap after GC invocations=167 (full 10):
 garbage-first heap   total 215040K, used 65175K [0x000000008ac00000, 0x0000000100000000)
  region size 1024K, 3 young (3072K), 3 survivors (3072K)
 Metaspace       used 119683K, committed 121088K, reserved 1179648K
  class space    used 14732K, committed 15232K, reserved 1048576K
}
Event: 8591.409 GC heap before
{Heap before GC invocations=167 (full 10):
 garbage-first heap   total 215040K, used 72343K [0x000000008ac00000, 0x0000000100000000)
  region size 1024K, 10 young (10240K), 3 survivors (3072K)
 Metaspace       used 119683K, committed 121088K, reserved 1179648K
  class space    used 14732K, committed 15232K, reserved 1048576K
}
Event: 8591.447 GC heap after
{Heap after GC invocations=168 (full 10):
 garbage-first heap   total 215040K, used 66271K [0x000000008ac00000, 0x0000000100000000)
  region size 1024K, 2 young (2048K), 2 survivors (2048K)
 Metaspace       used 119683K, committed 121088K, reserved 1179648K
  class space    used 14732K, committed 15232K, reserved 1048576K
}
Event: 8592.174 GC heap before
{Heap before GC invocations=168 (full 10):
 garbage-first heap   total 215040K, used 82655K [0x000000008ac00000, 0x0000000100000000)
  region size 1024K, 18 young (18432K), 2 survivors (2048K)
 Metaspace       used 119947K, committed 121152K, reserved 1179648K
  class space    used 14770K, committed 15232K, reserved 1048576K
}
Event: 8592.234 GC heap after
{Heap after GC invocations=169 (full 10):
 garbage-first heap   total 215040K, used 67855K [0x000000008ac00000, 0x0000000100000000)
  region size 1024K, 3 young (3072K), 3 survivors (3072K)
 Metaspace       used 119947K, committed 121152K, reserved 1179648K
  class space    used 14770K, committed 15232K, reserved 1048576K
}
Event: 8594.400 GC heap before
{Heap before GC invocations=169 (full 10):
 garbage-first heap   total 215040K, used 111887K [0x000000008ac00000, 0x0000000100000000)
  region size 1024K, 47 young (48128K), 3 survivors (3072K)
 Metaspace       used 120253K, committed 121216K, reserved 1179648K
  class space    used 14807K, committed 15232K, reserved 1048576K
}

Dll operation events (12 events):
Event: 0.014 Loaded shared library C:\Program Files\Eclipse Adoptium\jdk-21.0.6.7-hotspot\bin\java.dll
Event: 0.062 Loaded shared library C:\Program Files\Eclipse Adoptium\jdk-21.0.6.7-hotspot\bin\jsvml.dll
Event: 0.250 Loaded shared library C:\Program Files\Eclipse Adoptium\jdk-21.0.6.7-hotspot\bin\jimage.dll
Event: 0.264 Loaded shared library C:\Program Files\Eclipse Adoptium\jdk-21.0.6.7-hotspot\bin\net.dll
Event: 0.268 Loaded shared library C:\Program Files\Eclipse Adoptium\jdk-21.0.6.7-hotspot\bin\nio.dll
Event: 0.273 Loaded shared library C:\Program Files\Eclipse Adoptium\jdk-21.0.6.7-hotspot\bin\zip.dll
Event: 0.579 Loaded shared library C:\Program Files\Eclipse Adoptium\jdk-21.0.6.7-hotspot\bin\management.dll
Event: 0.597 Loaded shared library C:\Program Files\Eclipse Adoptium\jdk-21.0.6.7-hotspot\bin\management_ext.dll
Event: 1.110 Loaded shared library C:\Program Files\Eclipse Adoptium\jdk-21.0.6.7-hotspot\bin\extnet.dll
Event: 1.230 Loaded shared library C:\Program Files\Eclipse Adoptium\jdk-21.0.6.7-hotspot\bin\verify.dll
Event: 7.097 Loaded shared library C:\Program Files\Eclipse Adoptium\jdk-21.0.6.7-hotspot\bin\sunmscapi.dll
Event: 120.640 Loaded shared library C:\Program Files\Eclipse Adoptium\jdk-21.0.6.7-hotspot\bin\awt.dll

Deoptimization events (20 events):
Event: 8569.422 Thread 0x00000296c83ca950 Uncommon trap: trap_request=0xffffffde fr.pc=0x00000296f27dcc04 relative=0x0000000000002324
Event: 8569.422 Thread 0x00000296c83ca950 Uncommon trap: reason=class_check action=maybe_recompile pc=0x00000296f27dcc04 method=org.springframework.boot.devtools.filewatch.FileSystemWatcher$Watcher.getCurrentSnapshots()Ljava/util/Map; @ 12 c2
Event: 8569.422 Thread 0x00000296c83ca950 DEOPT PACKING pc=0x00000296f27dcc04 sp=0x000000dcbe5ff200
Event: 8569.422 Thread 0x00000296c83ca950 DEOPT UNPACKING pc=0x00000296f18446a2 sp=0x000000dcbe5ff210 mode 2
Event: 8576.600 Thread 0x00000296c98a18c0 Uncommon trap: trap_request=0xffffff76 fr.pc=0x00000296f22020c0 relative=0x00000000000001a0
Event: 8576.600 Thread 0x00000296c98a18c0 Uncommon trap: reason=predicate action=maybe_recompile pc=0x00000296f22020c0 method=java.util.Arrays.fill([Ljava/lang/Object;Ljava/lang/Object;)V @ 7 c2
Event: 8576.600 Thread 0x00000296c98a18c0 DEOPT PACKING pc=0x00000296f22020c0 sp=0x000000dcc05fcac0
Event: 8576.600 Thread 0x00000296c98a18c0 DEOPT UNPACKING pc=0x00000296f18446a2 sp=0x000000dcc05fca58 mode 2
Event: 8577.521 Thread 0x00000296c83cafe0 Uncommon trap: trap_request=0xffffff45 fr.pc=0x00000296f2ac43b8 relative=0x0000000000002f78
Event: 8577.521 Thread 0x00000296c83cafe0 Uncommon trap: reason=unstable_if action=reinterpret pc=0x00000296f2ac43b8 method=java.util.concurrent.ScheduledThreadPoolExecutor$DelayedWorkQueue.take()Ljava/util/concurrent/RunnableScheduledFuture; @ 17 c2
Event: 8577.521 Thread 0x00000296c83cafe0 DEOPT PACKING pc=0x00000296f2ac43b8 sp=0x000000dcc08ff100
Event: 8577.521 Thread 0x00000296c83cafe0 DEOPT UNPACKING pc=0x00000296f18446a2 sp=0x000000dcc08fefe8 mode 2
Event: 8577.535 Thread 0x00000296c83cbd00 Uncommon trap: trap_request=0xffffff45 fr.pc=0x00000296f1dcfd64 relative=0x0000000000000044
Event: 8577.535 Thread 0x00000296c83cbd00 Uncommon trap: reason=unstable_if action=reinterpret pc=0x00000296f1dcfd64 method=java.util.concurrent.ThreadPoolExecutor.runStateAtLeast(II)Z @ 2 c2
Event: 8577.535 Thread 0x00000296c83cafe0 Uncommon trap: trap_request=0xffffff45 fr.pc=0x00000296f1dcfd64 relative=0x0000000000000044
Event: 8577.535 Thread 0x00000296c83cafe0 Uncommon trap: reason=unstable_if action=reinterpret pc=0x00000296f1dcfd64 method=java.util.concurrent.ThreadPoolExecutor.runStateAtLeast(II)Z @ 2 c2
Event: 8577.535 Thread 0x00000296c83cbd00 DEOPT PACKING pc=0x00000296f1dcfd64 sp=0x000000dcc09ff050
Event: 8577.535 Thread 0x00000296c83cafe0 DEOPT PACKING pc=0x00000296f1dcfd64 sp=0x000000dcc08ff0d0
Event: 8577.535 Thread 0x00000296c83cbd00 DEOPT UNPACKING pc=0x00000296f18446a2 sp=0x000000dcc09fefe8 mode 2
Event: 8577.536 Thread 0x00000296c83cafe0 DEOPT UNPACKING pc=0x00000296f18446a2 sp=0x000000dcc08ff068 mode 2

Classes loaded (20 events):
Event: 6139.910 Loading class sun/net/www/http/ChunkedInputStream
Event: 6139.911 Loading class sun/net/www/http/Hurryable
Event: 6139.911 Loading class sun/net/www/http/Hurryable done
Event: 6139.911 Loading class sun/net/www/http/ChunkedInputStream done
Event: 6139.911 Loading class sun/net/www/protocol/http/HttpURLConnection$HttpInputStream
Event: 6139.912 Loading class sun/net/www/protocol/http/HttpURLConnection$HttpInputStream done
Event: 6140.607 Loading class sun/net/www/http/KeepAliveCache$1
Event: 6140.607 Loading class sun/net/www/http/KeepAliveCache$1 done
Event: 6140.607 Loading class sun/net/www/http/KeepAliveCache$ClientVector
Event: 6140.607 Loading class sun/net/www/http/KeepAliveCache$ClientVector done
Event: 6140.609 Loading class sun/net/www/http/KeepAliveEntry
Event: 6140.609 Loading class sun/net/www/http/KeepAliveEntry done
Event: 6140.614 Loading class java/io/OutputStream$1
Event: 6140.615 Loading class java/io/OutputStream$1 done
Event: 6145.623 Loading class sun/security/ssl/Alert
Event: 6145.624 Loading class sun/security/ssl/Alert done
Event: 6145.624 Loading class sun/security/ssl/Alert$AlertConsumer
Event: 6145.625 Loading class sun/security/ssl/Alert$AlertConsumer done
Event: 6145.625 Loading class sun/security/ssl/Alert$Level
Event: 6145.625 Loading class sun/security/ssl/Alert$Level done

Classes unloaded (20 events):
Event: 8547.822 Thread 0x00000296fe0aa290 Unloading class 0x0000029681e21f80 'com/Life_ledger/controller/TransactionController'
Event: 8547.822 Thread 0x00000296fe0aa290 Unloading class 0x0000029681e21d68 'com/Life_ledger/controller/RuleController'
Event: 8547.822 Thread 0x00000296fe0aa290 Unloading class 0x0000029681e21b40 'com/Life_ledger/controller/RecurringPatternController'
Event: 8547.822 Thread 0x00000296fe0aa290 Unloading class 0x0000029681e21938 'com/Life_ledger/controller/PdfToJsonController'
Event: 8547.822 Thread 0x00000296fe0aa290 Unloading class 0x0000029681e21730 'com/Life_ledger/controller/OCRController'
Event: 8547.822 Thread 0x00000296fe0aa290 Unloading class 0x0000029681e21508 'com/Life_ledger/controller/InsightController'
Event: 8547.822 Thread 0x00000296fe0aa290 Unloading class 0x0000029681e212d0 'com/Life_ledger/controller/GoalController'
Event: 8547.822 Thread 0x00000296fe0aa290 Unloading class 0x0000029681e210b0 'com/Life_ledger/controller/GlobalExceptionHandler'
Event: 8547.822 Thread 0x00000296fe0aa290 Unloading class 0x0000029681e20e88 'com/Life_ledger/controller/CategoryController'
Event: 8547.822 Thread 0x00000296fe0aa290 Unloading class 0x0000029681e20c70 'com/Life_ledger/controller/AuthController'
Event: 8547.822 Thread 0x00000296fe0aa290 Unloading class 0x0000029681e20a48 'com/Life_ledger/controller/AnomalyRecordController'
Event: 8547.822 Thread 0x00000296fe0aa290 Unloading class 0x0000029681e20840 'com/Life_ledger/controller/AIControllerTestEndpoint'
Event: 8547.822 Thread 0x00000296fe0aa290 Unloading class 0x0000029681e20628 'com/Life_ledger/controller/AIController'
Event: 8547.822 Thread 0x00000296fe0aa290 Unloading class 0x0000029681e20400 'com/Life_ledger/controller/AccountController'
Event: 8547.822 Thread 0x00000296fe0aa290 Unloading class 0x0000029681e20200 'com/Life_ledger/config/WebConfig'
Event: 8547.822 Thread 0x00000296fe0aa290 Unloading class 0x0000029681e20000 'com/Life_ledger/config/SwaggerConfig'
Event: 8547.822 Thread 0x00000296fe0aa290 Unloading class 0x0000029681e11600 'com/Life_ledger/config/OpenAIConfig'
Event: 8547.822 Thread 0x00000296fe0aa290 Unloading class 0x0000029681e11400 'com/Life_ledger/config/GeminiConfig'
Event: 8547.822 Thread 0x00000296fe0aa290 Unloading class 0x0000029681e199f8 'com/Life_ledger/config/CloudinaryConfig'
Event: 8547.822 Thread 0x00000296fe0aa290 Unloading class 0x0000029681e19800 'com/Life_ledger/LifeLedgerBackendApplication'

Classes redefined (0 events):
No events

Internal exceptions (20 events):
Event: 8556.677 Thread 0x00000296ca99e9e0 Exception <a 'java/lang/NoClassDefFoundError'{0x0000000094e54070}: liquibase/exception/ChangeLogParseException> (0x0000000094e54070) 
thrown [s\src\hotspot\share\classfile\systemDictionary.cpp, line 301]
Event: 8566.275 Thread 0x00000296c98a18c0 Exception <a 'sun/nio/fs/WindowsException'{0x0000000094b39168}> (0x0000000094b39168) 
thrown [s\src\hotspot\share\prims\jni.cpp, line 520]
Event: 8576.612 Thread 0x00000296c98a18c0 Exception <a 'java/lang/NoClassDefFoundError'{0x0000000097523738}: org/flywaydb/core/Flyway> (0x0000000097523738) 
thrown [s\src\hotspot\share\oops\constantPool.cpp, line 873]
Event: 8576.612 Thread 0x00000296c98a18c0 Exception <a 'java/lang/NoClassDefFoundError'{0x0000000097523d98}: liquibase/integration/spring/SpringLiquibase> (0x0000000097523d98) 
thrown [s\src\hotspot\share\oops\constantPool.cpp, line 873]
Event: 8576.617 Thread 0x00000296c98a18c0 Exception <a 'java/lang/NoClassDefFoundError'{0x000000009755cd98}: org/jooq/DSLContext> (0x000000009755cd98) 
thrown [s\src\hotspot\share\oops\constantPool.cpp, line 873]
Event: 8576.666 Thread 0x00000296c98a18c0 Exception <a 'java/lang/NoClassDefFoundError'{0x00000000975f09e8}: org/springframework/batch/core/repository/JobRepository> (0x00000000975f09e8) 
thrown [s\src\hotspot\share\oops\constantPool.cpp, line 873]
Event: 8576.666 Thread 0x00000296c98a18c0 Exception <a 'java/lang/NoClassDefFoundError'{0x00000000975f1040}: org/quartz/Scheduler> (0x00000000975f1040) 
thrown [s\src\hotspot\share\oops\constantPool.cpp, line 873]
Event: 8576.666 Thread 0x00000296c98a18c0 Exception <a 'java/lang/NoClassDefFoundError'{0x00000000975f16c0}: org/springframework/session/jdbc/JdbcIndexedSessionRepository> (0x00000000975f16c0) 
thrown [s\src\hotspot\share\oops\constantPool.cpp, line 873]
Event: 8577.059 Thread 0x00000296c98a18c0 Exception <a 'java/io/FileNotFoundException'{0x0000000097a205c8}> (0x0000000097a205c8) 
thrown [s\src\hotspot\share\prims\jni.cpp, line 520]
Event: 8577.507 Thread 0x00000296c98a18c0 Exception <a 'java/io/FileNotFoundException'{0x00000000979774b8}> (0x00000000979774b8) 
thrown [s\src\hotspot\share\prims\jni.cpp, line 520]
Event: 8577.521 Thread 0x00000296c83cafe0 Implicit null exception at 0x00000296f2ac16cf to 0x00000296f2ac4399
Event: 8577.577 Thread 0x00000296c98a18c0 Exception <a 'java/lang/NoClassDefFoundError'{0x00000000979fac88}: liquibase/exception/ChangeLogParseException> (0x00000000979fac88) 
thrown [s\src\hotspot\share\classfile\systemDictionary.cpp, line 301]
Event: 8591.022 Thread 0x00000296caa861c0 Exception <a 'sun/nio/fs/WindowsException'{0x000000009702ef68}> (0x000000009702ef68) 
thrown [s\src\hotspot\share\prims\jni.cpp, line 520]
Event: 8593.880 Thread 0x00000296caa861c0 Exception <a 'java/lang/NoClassDefFoundError'{0x0000000095d641d0}: org/flywaydb/core/Flyway> (0x0000000095d641d0) 
thrown [s\src\hotspot\share\oops\constantPool.cpp, line 873]
Event: 8593.880 Thread 0x00000296caa861c0 Exception <a 'java/lang/NoClassDefFoundError'{0x0000000095d64830}: liquibase/integration/spring/SpringLiquibase> (0x0000000095d64830) 
thrown [s\src\hotspot\share\oops\constantPool.cpp, line 873]
Event: 8593.896 Thread 0x00000296caa861c0 Exception <a 'java/lang/NoClassDefFoundError'{0x0000000095d9d648}: org/jooq/DSLContext> (0x0000000095d9d648) 
thrown [s\src\hotspot\share\oops\constantPool.cpp, line 873]
Event: 8593.914 Thread 0x00000296caa861c0 Exception <a 'java/lang/NoClassDefFoundError'{0x0000000095c30c38}: org/springframework/batch/core/repository/JobRepository> (0x0000000095c30c38) 
thrown [s\src\hotspot\share\oops\constantPool.cpp, line 873]
Event: 8593.914 Thread 0x00000296caa861c0 Exception <a 'java/lang/NoClassDefFoundError'{0x0000000095c31290}: org/quartz/Scheduler> (0x0000000095c31290) 
thrown [s\src\hotspot\share\oops\constantPool.cpp, line 873]
Event: 8593.914 Thread 0x00000296caa861c0 Exception <a 'java/lang/NoClassDefFoundError'{0x0000000095c31910}: org/springframework/session/jdbc/JdbcIndexedSessionRepository> (0x0000000095c31910) 
thrown [s\src\hotspot\share\oops\constantPool.cpp, line 873]
Event: 8594.348 Thread 0x00000296caa861c0 Exception <a 'java/io/FileNotFoundException'{0x00000000951901b8}> (0x00000000951901b8) 
thrown [s\src\hotspot\share\prims\jni.cpp, line 520]

ZGC Phase Switch (0 events):
No events

VM Operations (20 events):
Event: 8576.965 Executing VM operation: G1CollectForAllocation (G1 Evacuation Pause) done
Event: 8577.177 Executing VM operation: G1TryInitiateConcMark (G1 Humongous Allocation)
Event: 8577.181 Executing VM operation: G1TryInitiateConcMark (G1 Humongous Allocation) done
Event: 8577.257 Executing VM operation: G1PauseRemark
Event: 8577.283 Executing VM operation: G1PauseRemark done
Event: 8577.317 Executing VM operation: G1PauseCleanup
Event: 8577.324 Executing VM operation: G1PauseCleanup done
Event: 8578.331 Executing VM operation: Cleanup
Event: 8578.331 Executing VM operation: Cleanup done
Event: 8591.217 Executing VM operation: G1CollectForAllocation (G1 Evacuation Pause)
Event: 8591.231 Executing VM operation: G1CollectForAllocation (G1 Evacuation Pause) done
Event: 8591.409 Executing VM operation: G1CollectForAllocation (G1 Evacuation Pause)
Event: 8591.447 Executing VM operation: G1CollectForAllocation (G1 Evacuation Pause) done
Event: 8592.174 Executing VM operation: G1CollectForAllocation (G1 Evacuation Pause)
Event: 8592.234 Executing VM operation: G1CollectForAllocation (G1 Evacuation Pause) done
Event: 8593.246 Executing VM operation: Cleanup
Event: 8593.247 Executing VM operation: Cleanup done
Event: 8594.260 Executing VM operation: Cleanup
Event: 8594.260 Executing VM operation: Cleanup done
Event: 8594.400 Executing VM operation: G1TryInitiateConcMark (G1 Humongous Allocation)

Memory protections (0 events):
No events

Nmethod flushes (20 events):
Event: 8577.263 Thread 0x00000296fe0aa290 flushing  nmethod 0x00000296f27da510
Event: 8577.263 Thread 0x00000296fe0aa290 flushing  nmethod 0x00000296ea3d8910
Event: 8577.263 Thread 0x00000296fe0aa290 flushing  nmethod 0x00000296ea46e210
Event: 8577.263 Thread 0x00000296fe0aa290 flushing  nmethod 0x00000296ea489290
Event: 8577.263 Thread 0x00000296fe0aa290 flushing  nmethod 0x00000296ea5f3410
Event: 8577.263 Thread 0x00000296fe0aa290 flushing  nmethod 0x00000296eb27fe10
Event: 8577.263 Thread 0x00000296fe0aa290 flushing  nmethod 0x00000296eba45390
Event: 8577.263 Thread 0x00000296fe0aa290 flushing  nmethod 0x00000296f272cf10
Event: 8577.263 Thread 0x00000296fe0aa290 flushing  nmethod 0x00000296ea534890
Event: 8577.263 Thread 0x00000296fe0aa290 flushing  nmethod 0x00000296ea5ada10
Event: 8577.263 Thread 0x00000296fe0aa290 flushing  nmethod 0x00000296ea606f90
Event: 8577.263 Thread 0x00000296fe0aa290 flushing  nmethod 0x00000296eaf47a90
Event: 8577.263 Thread 0x00000296fe0aa290 flushing  nmethod 0x00000296eb1c4b10
Event: 8577.263 Thread 0x00000296fe0aa290 flushing  nmethod 0x00000296eb936310
Event: 8577.263 Thread 0x00000296fe0aa290 flushing  nmethod 0x00000296f2849210
Event: 8577.263 Thread 0x00000296fe0aa290 flushing  nmethod 0x00000296eab76c10
Event: 8577.263 Thread 0x00000296fe0aa290 flushing  nmethod 0x00000296eac4d810
Event: 8577.263 Thread 0x00000296fe0aa290 flushing  nmethod 0x00000296eaf14d90
Event: 8577.263 Thread 0x00000296fe0aa290 flushing  nmethod 0x00000296eb316a90
Event: 8577.263 Thread 0x00000296fe0aa290 flushing  nmethod 0x00000296eb3c5990

Events (20 events):
Event: 8575.326 Thread 0x00000296fe98add0 Thread added: 0x00000296c7fd40d0
Event: 8576.188 Thread 0x00000296c7fd40d0 Thread exited: 0x00000296c7fd40d0
Event: 8576.209 Thread 0x00000296fe98add0 Thread added: 0x00000296c7fd1ec0
Event: 8577.294 Thread 0x00000296c7fd1ec0 Thread exited: 0x00000296c7fd1ec0
Event: 8577.509 Thread 0x00000296c98a18c0 Thread added: 0x00000296c83cafe0
Event: 8577.511 Thread 0x00000296c98a18c0 Thread added: 0x00000296c83cbd00
Event: 8577.535 Thread 0x00000296c83cbd00 Thread exited: 0x00000296c83cbd00
Event: 8577.536 Thread 0x00000296c83cafe0 Thread exited: 0x00000296c83cafe0
Event: 8577.585 Thread 0x00000296c98a18c0 Thread exited: 0x00000296c98a18c0
Event: 8577.587 Thread 0x00000296ff33d650 Thread added: 0x00000296d13a5f80
Event: 8582.594 Thread 0x00000296c7fd47a0 Thread exited: 0x00000296c7fd47a0
Event: 8591.004 Thread 0x00000296ff33d650 Thread added: 0x00000296caa861c0
Event: 8591.058 Thread 0x00000296fe98add0 Thread added: 0x00000296c7fd3a00
Event: 8591.064 Thread 0x00000296fe98add0 Thread added: 0x00000296c7fd1ec0
Event: 8591.279 Thread 0x00000296caa861c0 Thread added: 0x00000296c83cbd00
Event: 8591.386 Thread 0x00000296c83cbd00 Thread exited: 0x00000296c83cbd00
Event: 8591.884 Thread 0x00000296c7fd1ec0 Thread exited: 0x00000296c7fd1ec0
Event: 8592.124 Thread 0x00000296c7fd3a00 Thread exited: 0x00000296c7fd3a00
Event: 8593.532 Thread 0x00000296fe98add0 Thread added: 0x00000296c7fd1ec0
Event: 8593.788 Thread 0x00000296c7fd1ec0 Thread added: 0x00000296c7fd47a0


Dynamic libraries:
0x00007ff755040000 - 0x00007ff75504e000 	C:\Program Files\Eclipse Adoptium\jdk-21.0.6.7-hotspot\bin\java.exe
0x00007ffeea840000 - 0x00007ffeeaaa8000 	C:\WINDOWS\SYSTEM32\ntdll.dll
0x00007ffee8e40000 - 0x00007ffee8f09000 	C:\WINDOWS\System32\KERNEL32.DLL
0x00007ffee7c50000 - 0x00007ffee8048000 	C:\WINDOWS\System32\KERNELBASE.dll
0x00007ffee8050000 - 0x00007ffee819b000 	C:\WINDOWS\System32\ucrtbase.dll
0x00007ffeccb50000 - 0x00007ffeccb68000 	C:\Program Files\Eclipse Adoptium\jdk-21.0.6.7-hotspot\bin\jli.dll
0x00007ffec92b0000 - 0x00007ffec92ce000 	C:\Program Files\Eclipse Adoptium\jdk-21.0.6.7-hotspot\bin\VCRUNTIME140.dll
0x00007ffee9c20000 - 0x00007ffee9de7000 	C:\WINDOWS\System32\USER32.dll
0x00007ffee7b70000 - 0x00007ffee7b97000 	C:\WINDOWS\System32\win32u.dll
0x00007ffee92c0000 - 0x00007ffee92eb000 	C:\WINDOWS\System32\GDI32.dll
0x00007ffed04a0000 - 0x00007ffed0734000 	C:\WINDOWS\WinSxS\amd64_microsoft.windows.common-controls_6595b64144ccf1df_6.0.26100.7019_none_3e06ffa0e335b8a8\COMCTL32.dll
0x00007ffee7990000 - 0x00007ffee7abc000 	C:\WINDOWS\System32\gdi32full.dll
0x00007ffee8a30000 - 0x00007ffee8ad9000 	C:\WINDOWS\System32\msvcrt.dll
0x00007ffee7ac0000 - 0x00007ffee7b63000 	C:\WINDOWS\System32\msvcp_win.dll
0x00007ffee8e00000 - 0x00007ffee8e31000 	C:\WINDOWS\System32\IMM32.DLL
0x00007ffeccb40000 - 0x00007ffeccb4c000 	C:\Program Files\Eclipse Adoptium\jdk-21.0.6.7-hotspot\bin\vcruntime140_1.dll
0x00007ffec8a00000 - 0x00007ffec8a8d000 	C:\Program Files\Eclipse Adoptium\jdk-21.0.6.7-hotspot\bin\msvcp140.dll
0x00007ffec6690000 - 0x00007ffec7420000 	C:\Program Files\Eclipse Adoptium\jdk-21.0.6.7-hotspot\bin\server\jvm.dll
0x00007ffee9df0000 - 0x00007ffee9ea4000 	C:\WINDOWS\System32\ADVAPI32.dll
0x00007ffee9eb0000 - 0x00007ffee9f56000 	C:\WINDOWS\System32\sechost.dll
0x00007ffee8ae0000 - 0x00007ffee8bf8000 	C:\WINDOWS\System32\RPCRT4.dll
0x00007ffee9b90000 - 0x00007ffee9c04000 	C:\WINDOWS\System32\WS2_32.dll
0x00007ffee7650000 - 0x00007ffee76ae000 	C:\WINDOWS\SYSTEM32\POWRPROF.dll
0x00007ffedffb0000 - 0x00007ffedffe5000 	C:\WINDOWS\SYSTEM32\WINMM.dll
0x00007ffedfff0000 - 0x00007ffedfffb000 	C:\WINDOWS\SYSTEM32\VERSION.dll
0x00007ffee7630000 - 0x00007ffee7644000 	C:\WINDOWS\SYSTEM32\UMPDC.dll
0x00007ffee66f0000 - 0x00007ffee670b000 	C:\WINDOWS\SYSTEM32\kernel.appcore.dll
0x00007ffec89f0000 - 0x00007ffec89fa000 	C:\Program Files\Eclipse Adoptium\jdk-21.0.6.7-hotspot\bin\jimage.dll
0x00007ffedade0000 - 0x00007ffedb022000 	C:\WINDOWS\SYSTEM32\DBGHELP.DLL
0x00007ffeea470000 - 0x00007ffeea7fb000 	C:\WINDOWS\System32\combase.dll
0x00007ffee92f0000 - 0x00007ffee93c7000 	C:\WINDOWS\System32\OLEAUT32.dll
0x00007ffecebf0000 - 0x00007ffecec2c000 	C:\WINDOWS\SYSTEM32\dbgcore.DLL
0x00007ffee7ba0000 - 0x00007ffee7c45000 	C:\WINDOWS\System32\bcryptPrimitives.dll
0x00007ffec89d0000 - 0x00007ffec89ef000 	C:\Program Files\Eclipse Adoptium\jdk-21.0.6.7-hotspot\bin\java.dll
0x00007ffee93e0000 - 0x00007ffee9b2f000 	C:\WINDOWS\System32\SHELL32.dll
0x00007ffee81a0000 - 0x00007ffee830b000 	C:\WINDOWS\System32\wintypes.dll
0x00007ffee55b0000 - 0x00007ffee5e0d000 	C:\WINDOWS\SYSTEM32\windows.storage.dll
0x00007ffee8610000 - 0x00007ffee8702000 	C:\WINDOWS\System32\SHCORE.dll
0x00007ffee8710000 - 0x00007ffee8777000 	C:\WINDOWS\System32\shlwapi.dll
0x00007ffee78b0000 - 0x00007ffee78d9000 	C:\WINDOWS\SYSTEM32\profapi.dll
0x00007ffec88a0000 - 0x00007ffec8977000 	C:\Program Files\Eclipse Adoptium\jdk-21.0.6.7-hotspot\bin\jsvml.dll
0x00007ffec8880000 - 0x00007ffec8890000 	C:\Program Files\Eclipse Adoptium\jdk-21.0.6.7-hotspot\bin\net.dll
0x00007ffedfc80000 - 0x00007ffedfda8000 	C:\WINDOWS\SYSTEM32\WINHTTP.dll
0x00007ffee6cc0000 - 0x00007ffee6d2b000 	C:\WINDOWS\system32\mswsock.dll
0x00007ffec8810000 - 0x00007ffec8826000 	C:\Program Files\Eclipse Adoptium\jdk-21.0.6.7-hotspot\bin\nio.dll
0x00007ffec87d0000 - 0x00007ffec87e8000 	C:\Program Files\Eclipse Adoptium\jdk-21.0.6.7-hotspot\bin\zip.dll
0x00007ffedd0a0000 - 0x00007ffedd0aa000 	C:\Program Files\Eclipse Adoptium\jdk-21.0.6.7-hotspot\bin\management.dll
0x00007ffedd090000 - 0x00007ffedd09b000 	C:\Program Files\Eclipse Adoptium\jdk-21.0.6.7-hotspot\bin\management_ext.dll
0x00007ffee93d0000 - 0x00007ffee93d8000 	C:\WINDOWS\System32\PSAPI.DLL
0x00007ffeccba0000 - 0x00007ffeccbb8000 	C:\WINDOWS\system32\napinsp.dll
0x00007ffee61d0000 - 0x00007ffee62fc000 	C:\WINDOWS\SYSTEM32\DNSAPI.dll
0x00007ffee6140000 - 0x00007ffee6174000 	C:\WINDOWS\SYSTEM32\IPHLPAPI.DLL
0x00007ffee8c00000 - 0x00007ffee8c0a000 	C:\WINDOWS\System32\NSI.dll
0x00007ffeccad0000 - 0x00007ffeccae2000 	C:\WINDOWS\System32\winrnr.dll
0x00007ffecacc0000 - 0x00007ffecace2000 	C:\WINDOWS\system32\nlansp_c.dll
0x00007ffedce90000 - 0x00007ffedcea6000 	C:\WINDOWS\system32\wshbth.dll
0x00007ffedcf60000 - 0x00007ffedcf6b000 	C:\Windows\System32\rasadhlp.dll
0x00007ffee1830000 - 0x00007ffee18b6000 	C:\WINDOWS\System32\fwpuclnt.dll
0x00007ffee6f80000 - 0x00007ffee6f9b000 	C:\WINDOWS\SYSTEM32\CRYPTSP.dll
0x00007ffee66b0000 - 0x00007ffee66ea000 	C:\WINDOWS\system32\rsaenh.dll
0x00007ffee6d70000 - 0x00007ffee6d9b000 	C:\WINDOWS\SYSTEM32\USERENV.dll
0x00007ffee7880000 - 0x00007ffee78aa000 	C:\WINDOWS\SYSTEM32\bcrypt.dll
0x00007ffee6fa0000 - 0x00007ffee6fac000 	C:\WINDOWS\SYSTEM32\CRYPTBASE.dll
0x00007ffec7c80000 - 0x00007ffec7c89000 	C:\Program Files\Eclipse Adoptium\jdk-21.0.6.7-hotspot\bin\extnet.dll
0x00007ffec85a0000 - 0x00007ffec85b0000 	C:\Program Files\Eclipse Adoptium\jdk-21.0.6.7-hotspot\bin\verify.dll
0x00007ffec2d80000 - 0x00007ffec2d8e000 	C:\Program Files\Eclipse Adoptium\jdk-21.0.6.7-hotspot\bin\sunmscapi.dll
0x00007ffee8310000 - 0x00007ffee8487000 	C:\WINDOWS\System32\CRYPT32.dll
0x00007ffee71a0000 - 0x00007ffee71d0000 	C:\WINDOWS\SYSTEM32\ncrypt.dll
0x00007ffee7150000 - 0x00007ffee718f000 	C:\WINDOWS\SYSTEM32\NTASN1.dll
0x00007ffebb4f0000 - 0x00007ffebb4f8000 	C:\WINDOWS\system32\wshunix.dll
0x00007ffec7cf0000 - 0x00007ffec7e7e000 	C:\Program Files\Eclipse Adoptium\jdk-21.0.6.7-hotspot\bin\awt.dll
0x00007ffee49c0000 - 0x00007ffee4a5f000 	C:\WINDOWS\SYSTEM32\apphelp.dll

dbghelp: loaded successfully - version: 4.0.5 - missing functions: none
symbol engine: initialized successfully - sym options: 0x614 - pdb path: .;C:\Program Files\Eclipse Adoptium\jdk-21.0.6.7-hotspot\bin;C:\WINDOWS\SYSTEM32;C:\WINDOWS\WinSxS\amd64_microsoft.windows.common-controls_6595b64144ccf1df_6.0.26100.7019_none_3e06ffa0e335b8a8;C:\Program Files\Eclipse Adoptium\jdk-21.0.6.7-hotspot\bin\server

VM Arguments:
jvm_args: -Dcom.sun.management.jmxremote -Dcom.sun.management.jmxremote.port=54947 -Dcom.sun.management.jmxremote.authenticate=false -Dcom.sun.management.jmxremote.ssl=false -Dspring.jmx.enabled=true -Djava.rmi.server.hostname=localhost -Dspring.application.admin.enabled=true -Dspring.boot.project.name=lifeledger-backend -XX:+ShowCodeDetailsInExceptionMessages -Dmanagement.endpoints.jmx.exposure.include=* 
java_command: com.Life_ledger.LifeLedgerBackendApplication
java_class_path (initial): C:\Users\Tanishq\Life_ledger_backend\Life_ledger_backend\target\classes;C:\Users\Tanishq\.m2\repository\org\springframework\boot\spring-boot-starter-web\3.5.7\spring-boot-starter-web-3.5.7.jar;C:\Users\Tanishq\.m2\repository\org\springframework\boot\spring-boot-starter\3.5.7\spring-boot-starter-3.5.7.jar;C:\Users\Tanishq\.m2\repository\org\springframework\boot\spring-boot-starter-logging\3.5.7\spring-boot-starter-logging-3.5.7.jar;C:\Users\Tanishq\.m2\repository\ch\qos\logback\logback-classic\1.5.20\logback-classic-1.5.20.jar;C:\Users\Tanishq\.m2\repository\ch\qos\logback\logback-core\1.5.20\logback-core-1.5.20.jar;C:\Users\Tanishq\.m2\repository\org\apache\logging\log4j\log4j-to-slf4j\2.24.3\log4j-to-slf4j-2.24.3.jar;C:\Users\Tanishq\.m2\repository\org\slf4j\jul-to-slf4j\2.0.17\jul-to-slf4j-2.0.17.jar;C:\Users\Tanishq\.m2\repository\jakarta\annotation\jakarta.annotation-api\2.1.1\jakarta.annotation-api-2.1.1.jar;C:\Users\Tanishq\.m2\repository\org\yaml\snakeyaml\2.4\snakeyaml-2.4.jar;C:\Users\Tanishq\.m2\repository\org\springframework\boot\spring-boot-starter-json\3.5.7\spring-boot-starter-json-3.5.7.jar;C:\Users\Tanishq\.m2\repository\com\fasterxml\jackson\datatype\jackson-datatype-jdk8\2.19.2\jackson-datatype-jdk8-2.19.2.jar;C:\Users\Tanishq\.m2\repository\com\fasterxml\jackson\datatype\jackson-datatype-jsr310\2.19.2\jackson-datatype-jsr310-2.19.2.jar;C:\Users\Tanishq\.m2\repository\com\fasterxml\jackson\module\jackson-module-parameter-names\2.19.2\jackson-module-parameter-names-2.19.2.jar;C:\Users\Tanishq\.m2\repository\org\springframework\boot\spring-boot-starter-tomcat\3.5.7\spring-boot-starter-tomcat-3.5.7.jar;C:\Users\Tanishq\.m2\repository\org\apache\tomcat\embed\tomcat-embed-core\10.1.48\tomcat-embed-core-10.1.48.jar;C:\Users\Tanishq\.m2\repository\org\apache\tomcat\embed\tomcat-embed-websocket\10.1.48\tomcat-embed-websocket-10.1.48.jar;C:\Users\Tanishq\.m2\repository\org\springframework\spring-web\6.2.12\spring-web-6.2.12.jar;C:\Users\Tanishq\.m2\repository\org\springframework\spring-beans\6.2.12\spring-beans-6.2.12.jar;C:\Users\Tanishq\.m2\repository\org\springframework\spring-webmvc\6.2.12\spring-webmvc-6.2.12.jar;C:\Users\Tanishq\.m2\repository\org\springframework\spring-context\6.2.12\spring-context-6.2.12.jar;C:\Users\Tanishq\.m2\repository\org\springframework\spring-expression\6.2.12\spring-expression-6.2.12.jar;C:\Users\Tanishq\.m2\repository\org\springframework\boot\spring-boot-starter-data-jpa\3.5.7\spring-boot-starter-data-jpa-3.5.7.jar;C:\Users\Tanishq\.m2\repository\org\springframework\boot\spring-boot-starter-jdbc\3.5.7\spring-boot-starter-jdbc-3.5.7.jar;C:\Users\Tanishq\.m2\repository\com\zaxxer\HikariCP\6.3.3\HikariCP-6.3.3.jar;C:\Users\Tanishq\.m2\repository\org\springframework\spring-jdbc\6.2.12\spring-jdbc-6.2.12.jar;C:\Users\Tanishq\.m2\repository\org\hibernate\orm\hibernate-core\6.6.33.Final\hibernate-core-6.6.33.Final.jar;C:\Users\Tanishq\.m2\repository\jakarta\persistence\jakarta.persistence-api\3.1.0\jakarta.persistence-api-3.1.0.jar;C:\Users\Tanishq\.m2\repository\jakarta\transaction\jakarta.transaction-api\2.0.1\jakarta.transaction-api-2.0.1.jar;C:\Users\Tanishq\.m2\repository\org\jboss\logging\jboss-logging\3.6.1.Final\jboss-logging-3.6.1.Final.jar;C:\Users\Tanishq\.m2\repository\org\hibernate\common\hibernate-commons-annotations\7.0.3.Final\hibernate-commons-annotations-7.0.3.Final.jar;C:\Users\Tanishq\.m2\repository\io\smallrye\jandex\3.2.0\jandex-3.2.0.jar;C:\Users\Tanishq\.m2\repository\com\fasterxml\classmate\1.7.1\classmate-1.7.1.jar;C:\Users\Tanishq\.m2\repository\net\bytebuddy\byte-buddy\1.17.8\byte-buddy-1.17.8.jar;C:\Users\Tanishq\.m2\repository\org\glassfish\jaxb\jaxb-runtime\4.0.6\jaxb-runtime-4.0.6.jar;C:\Users\Tanishq\.m2\repository\org\glassfish\jaxb\jaxb-core\4.0.6\jaxb-core-4.0.6.jar;C:\Users\Tanishq\.m2\repository\org\eclipse\angus\angus-activation\2.0.3\angus-activation-2.0.3.jar;C:\Users\Tanishq\.m2\repository\org\glassfish\jaxb\txw2\4.0.6\txw2-4.0.6.jar;C:\Users\Tanishq\.m2\repository\com\sun\istack\istack-commons-runtime\4.1.2\istack-commons-runtime-4.1.2.jar;C:\Users\Tanishq\.m2\repository\jakarta\inject\jakarta.inject-api\2.0.1\jakarta.inject-api-2.0.1.jar;C:\Users\Tanishq\.m2\repository\org\antlr\antlr4-runtime\4.13.0\antlr4-runtime-4.13.0.jar;C:\Users\Tanishq\.m2\repository\org\springframework\data\spring-data-jpa\3.5.5\spring-data-jpa-3.5.5.jar;C:\Users\Tanishq\.m2\repository\org\springframework\data\spring-data-commons\3.5.5\spring-data-commons-3.5.5.jar;C:\Users\Tanishq\.m2\repository\org\springframework\spring-orm\6.2.12\spring-orm-6.2.12.jar;C:\Users\Tanishq\.m2\repository\org\springframework\spring-tx\6.2.12\spring-tx-6.2.12.jar;C:\Users\Tanishq\.m2\repository\org\springframework\spring-aspects\6.2.12\spring-aspects-6.2.12.jar;C:\Users\Tanishq\.m2\repository\org\aspectj\aspectjweaver\1.9.24\aspectjweaver-1.9.24.jar;C:\Users\Tanishq\.m2\repository\org\springframework\boot\spring-boot-starter-validation\3.5.7\spring-boot-starter-validation-3.5.7.jar;C:\Users\Tanishq\.m2\repository\org\apache\tomcat\embed\tomcat-embed-el\10.1.48\tomcat-embed-el-10.1.48.jar;C:\Users\Tanishq\.m2\repository\org\hibernate\validator\hibernate-validator\8.0.3.Final\hibernate-validator-8.0.3.Final.jar;C:\Users\Tanishq\.m2\repository\jakarta\validation\jakarta.validation-api\3.0.2\jakarta.validation-api-3.0.2.jar;C:\Users\Tanishq\.m2\repository\org\springframework\boot\spring-boot-devtools\3.5.7\spring-boot-devtools-3.5.7.jar;C:\Users\Tanishq\.m2\repository\org\springframework\boot\spring-boot\3.5.7\spring-boot-3.5.7.jar;C:\Users\Tanishq\.m2\repository\org\springframework\boot\spring-boot-autoconfigure\3.5.7\spring-boot-autoconfigure-3.5.7.jar;C:\Users\Tanishq\.m2\repository\org\springframework\boot\spring-boot-starter-security\3.5.7\spring-boot-starter-security-3.5.7.jar;C:\Users\Tanishq\.m2\repository\org\springframework\spring-aop\6.2.12\spring-aop-6.2.12.jar;C:\Users\Tanishq\.m2\repository\org\springframework\security\spring-security-config\6.5.6\spring-security-config-6.5.6.jar;C:\Users\Tanishq\.m2\repository\org\springframework\security\spring-security-core\6.5.6\spring-security-core-6.5.6.jar;C:\Users\Tanishq\.m2\repository\org\springframework\security\spring-security-crypto\6.5.6\spring-security-crypto-6.5.6.jar;C:\Users\Tanishq\.m2\repository\org\springframework\security\spring-security-web\6.5.6\spring-security-web-6.5.6.jar;C:\Users\Tanishq\.m2\repository\org\springframework\boot\spring-boot-starter-actuator\3.5.7\spring-boot-starter-actuator-3.5.7.jar;C:\Users\Tanishq\.m2\repository\org\springframework\boot\spring-boot-actuator-autoconfigure\3.5.7\spring-boot-actuator-autoconfigure-3.5.7.jar;C:\Users\Tanishq\.m2\repository\org\springframework\boot\spring-boot-actuator\3.5.7\spring-boot-actuator-3.5.7.jar;C:\Users\Tanishq\.m2\repository\io\micrometer\micrometer-observation\1.15.5\micrometer-observation-1.15.5.jar;C:\Users\Tanishq\.m2\repository\io\micrometer\micrometer-commons\1.15.5\micrometer-commons-1.15.5.jar;C:\Users\Tanishq\.m2\repository\io\micrometer\micrometer-jakarta9\1.15.5\micrometer-jakarta9-1.15.5.jar;C:\Users\Tanishq\.m2\repository\io\micrometer\micrometer-core\1.15.5\micrometer-core-1.15.5.jar;C:\Users\Tanishq\.m2\repository\org\hdrhistogram\HdrHistogram\2.2.2\HdrHistogram-2.2.2.jar;C:\Users\Tanishq\.m2\repository\org\latencyutils\LatencyUtils\2.0.3\LatencyUtils-2.0.3.jar;C:\Users\Tanishq\.m2\repository\org\postgresql\postgresql\42.7.8\postgresql-42.7.8.jar;C:\Users\Tanishq\.m2\repository\org\checkerframework\checker-qual\3.49.5\checker-qual-3.49.5.jar;C:\Users\Tanishq\.m2\repository\io\jsonwebtoken\jjwt-api\0.11.5\jjwt-api-0.11.5.jar;C:\Users\Tanishq\.m2\repository\io\jsonwebtoken\jjwt-impl\0.11.5\jjwt-impl-0.11.5.jar;C:\Users\Tanishq\.m2\repository\io\jsonwebtoken\jjwt-jackson\0.11.5\jjwt-jackson-0.11.5.jar;C:\Users\Tanishq\.m2\repository\com\fasterxml\jackson\core\jackson-databind\2.19.2\jackson-databind-2.19.2.jar;C:\Users\Tanishq\.m2\repository\com\fasterxml\jackson\core\jackson-annotations\2.19.2\jackson-annotations-2.19.2.jar;C:\Users\Tanishq\.m2\repository\com\fasterxml\jackson\core\jackson-core\2.19.2\jackson-core-2.19.2.jar;C:\Users\Tanishq\.m2\repository\com\itextpdf\kernel\7.2.5\kernel-7.2.5.jar;C:\Users\Tanishq\.m2\repository\com\itextpdf\io\7.2.5\io-7.2.5.jar;C:\Users\Tanishq\.m2\repository\com\itextpdf\commons\7.2.5\commons-7.2.5.jar;C:\Users\Tanishq\.m2\repository\org\bouncycastle\bcpkix-jdk15on\1.70\bcpkix-jdk15on-1.70.jar;C:\Users\Tanishq\.m2\repository\org\bouncycastle\bcutil-jdk15on\1.70\bcutil-jdk15on-1.70.jar;C:\Users\Tanishq\.m2\repository\org\bouncycastle\bcprov-jdk15on\1.70\bcprov-jdk15on-1.70.jar;C:\Users\Tanishq\.m2\repository\org\slf4j\slf4j-api\2.0.17\slf4j-api-2.0.17.jar;C:\Users\Tanishq\.m2\repository\com\itextpdf\layout\7.2.5\layout-7.2.5.jar;C:\Users\Tanishq\.m2\repository\org\apache\pdfbox\pdfbox\2.0.30\pdfbox-2.0.30.jar;C:\Users\Tanishq\.m2\repository\org\apache\pdfbox\fontbox\2.0.30\fontbox-2.0.30.jar;C:\Users\Tanishq\.m2\repository\commons-logging\commons-logging\1.2\commons-logging-1.2.jar;C:\Users\Tanishq\.m2\repository\net\sourceforge\tess4j\tess4j\5.4.0\tess4j-5.4.0.jar;C:\Users\Tanishq\.m2\repository\net\java\dev\jna\jna\5.12.1\jna-5.12.1.jar;C:\Users\Tanishq\.m2\repository\com\github\jai-imageio\jai-imageio-core\1.4.0\jai-imageio-core-1.4.0.jar;C:\Users\Tanishq\.m2\repository\org\apache\pdfbox\pdfbox-tools\2.0.26\pdfbox-tools-2.0.26.jar;C:\Users\Tanishq\.m2\repository\org\apache\pdfbox\pdfbox-debugger\2.0.26\pdfbox-debugger-2.0.26.jar;C:\Users\Tanishq\.m2\repository\org\apache\pdfbox\jbig2-imageio\3.0.4\jbig2-imageio-3.0.4.jar;C:\Users\Tanishq\.m2\repository\commons-io\commons-io\2.11.0\commons-io-2.11.0.jar;C:\Users\Tanishq\.m2\repository\net\sourceforge\lept4j\lept4j\1.16.2\lept4j-1.16.2.jar;C:\Users\Tanishq\.m2\repository\org\jboss\jboss-vfs\3.2.17.Final\jboss-vfs-3.2.17.Final.jar;C:\Users\Tanishq\.m2\repository\org\openpnp\opencv\4.9.0-0\opencv-4.9.0-0.jar;C:\Users\Tanishq\.m2\repository\org\springdoc\springdoc-openapi-starter-webmvc-ui\2.6.0\springdoc-openapi-starter-webmvc-ui-2.6.0.jar;C:\Users\Tanishq\.m2\repository\org\springdoc\springdoc-openapi-starter-webmvc-api\2.6.0\springdoc-openapi-starter-webmvc-api-2.6.0.jar;C:\Users\Tanishq\.m2\repository\org\springdoc\springdoc-openapi-starter-common\2.6.0\springdoc-openapi-starter-common-2.6.0.jar;C:\Users\Tanishq\.m2\repository\io\swagger\core\v3\swagger-core-jakarta\2.2.22\swagger-core-jakarta-2.2.22.jar;C:\Users\Tanishq\.m2\repository\io\swagger\core\v3\swagger-annotations-jakarta\2.2.22\swagger-annotations-jakarta-2.2.22.jar;C:\Users\Tanishq\.m2\repository\io\swagger\core\v3\swagger-models-jakarta\2.2.22\swagger-models-jakarta-2.2.22.jar;C:\Users\Tanishq\.m2\repository\com\fasterxml\jackson\dataformat\jackson-dataformat-yaml\2.19.2\jackson-dataformat-yaml-2.19.2.jar;C:\Users\Tanishq\.m2\repository\org\webjars\swagger-ui\5.17.14\swagger-ui-5.17.14.jar;C:\Users\Tanishq\.m2\repository\org\projectlombok\lombok\1.18.42\lombok-1.18.42.jar;C:\Users\Tanishq\.m2\repository\org\apache\commons\commons-lang3\3.17.0\commons-lang3-3.17.0.jar;C:\Users\Tanishq\.m2\repository\jakarta\xml\bind\jakarta.xml.bind-api\4.0.4\jakarta.xml.bind-api-4.0.4.jar;C:\Users\Tanishq\.m2\repository\jakarta\activation\jakarta.activation-api\2.1.4\jakarta.activation-api-2.1.4.jar;C:\Users\Tanishq\.m2\repository\org\springframework\spring-core\6.2.12\spring-core-6.2.12.jar;C:\Users\Tanishq\.m2\repository\org\springframework\spring-jcl\6.2.12\spring-jcl-6.2.12.jar;C:\Users\Tanishq\.m2\repository\com\cloudinary\cloudinary-http44\1.29.0\cloudinary-http44-1.29.0.jar;C:\Users\Tanishq\.m2\repository\com\cloudinary\cloudinary-core\1.29.0\cloudinary-core-1.29.0.jar;C:\Users\Tanishq\.m2\repository\org\apache\httpcomponents\httpclient\4.4\httpclient-4.4.jar;C:\Users\Tanishq\.m2\repository\org\apache\httpcomponents\httpcore\4.4.16\httpcore-4.4.16.jar;C:\Users\Tanishq\.m2\repository\org\apache\httpcomponents\httpmime\4.4\httpmime-4.4.jar;C:\Users\Tanishq\.m2\repository\com\opencsv\opencsv\5.7.1\opencsv-5.7.1.jar;C:\Users\Tanishq\.m2\repository\org\apache\commons\commons-text\1.10.0\commons-text-1.10.0.jar;C:\Users\Tanishq\.m2\repository\commons-beanutils\commons-beanutils\1.9.4\commons-beanutils-1.9.4.jar;C:\Users\Tanishq\.m2\repository\commons-collections\commons-collections\3.2.2\commons-collections-3.2.2.jar;C:\Users\Tanishq\.m2\repository\org\apache\commons\commons-collections4\4.4\commons-collections4-4.4.jar;C:\Users\Tanishq\.m2\repository\org\apache\commons\commons-csv\1.10.0\commons-csv-1.10.0.jar;C:\Users\Tanishq\.m2\repository\org\apache\xmlbeans\xmlbeans\5.1.1\xmlbeans-5.1.1.jar;C:\Users\Tanishq\.m2\repository\org\apache\logging\log4j\log4j-api\2.24.3\log4j-api-2.24.3.jar;C:\Users\Tanishq\.m2\repository\org\apache\poi\poi\5.2.5\poi-5.2.5.jar;C:\Users\Tanishq\.m2\repository\commons-codec\commons-codec\1.18.0\commons-codec-1.18.0.jar;C:\Users\Tanishq\.m2\repository\org\apache\commons\commons-math3\3.6.1\commons-math3-3.6.1.jar;C:\Users\Tanishq\.m2\repository\com\zaxxer\SparseBitSet\1.3\SparseBitSet-1.3.jar
Launcher Type: SUN_STANDARD

[Global flags]
     intx CICompilerCount                          = 4                                         {product} {ergonomic}
     uint ConcGCThreads                            = 3                                         {product} {ergonomic}
     uint G1ConcRefinementThreads                  = 10                                        {product} {ergonomic}
   size_t G1HeapRegionSize                         = 1048576                                   {product} {ergonomic}
    uintx GCDrainStackTargetSize                   = 64                                        {product} {ergonomic}
   size_t InitialHeapSize                          = 123731968                                 {product} {ergonomic}
     bool ManagementServer                         = true                                      {product} {command line}
   size_t MarkStackSize                            = 4194304                                   {product} {ergonomic}
   size_t MaxHeapSize                              = 1967128576                                {product} {ergonomic}
   size_t MaxNewSize                               = 1179648000                                {product} {ergonomic}
   size_t MinHeapDeltaBytes                        = 1048576                                   {product} {ergonomic}
   size_t MinHeapSize                              = 8388608                                   {product} {ergonomic}
    uintx NonNMethodCodeHeapSize                   = 5839372                                {pd product} {ergonomic}
    uintx NonProfiledCodeHeapSize                  = 122909434                              {pd product} {ergonomic}
    uintx ProfiledCodeHeapSize                     = 122909434                              {pd product} {ergonomic}
    uintx ReservedCodeCacheSize                    = 251658240                              {pd product} {ergonomic}
     bool SegmentedCodeCache                       = true                                      {product} {ergonomic}
     bool ShowCodeDetailsInExceptionMessages       = true                                   {manageable} {command line}
   size_t SoftMaxHeapSize                          = 1967128576                             {manageable} {ergonomic}
     bool UseCompressedOops                        = true                           {product lp64_product} {ergonomic}
     bool UseG1GC                                  = true                                      {product} {ergonomic}
     bool UseLargePagesIndividualAllocation        = false                                  {pd product} {ergonomic}

Logging:
Log output configuration:
 #0: stdout all=warning uptime,level,tags foldmultilines=false
 #1: stderr all=off uptime,level,tags foldmultilines=false

Environment Variables:
JAVA_HOME=C:\Program Files\Eclipse Adoptium\jdk-21.0.6.7-hotspot\
PATH=c:\Users\Tanishq\AppData\Roaming\Code\User\globalStorage\github.copilot-chat\debugCommand;c:\Users\Tanishq\AppData\Roaming\Code\User\globalStorage\github.copilot-chat\copilotCli;C:\Program Files\Eclipse Adoptium\jdk-21.0.6.7-hotspot\bin;C:\Program Files\Common Files\Oracle\Java\javapath;C:\Program Files (x86)\Common Files\Oracle\Java\java8path;C:\Program Files (x86)\Common Files\Oracle\Java\javapath;C:\Users\Tanishq\AppData\Local\Programs\Python\Python310\Scripts\;C:\Users\Tanishq\AppData\Local\Programs\Python\Python310\;C:\MinGW\bin:C:\Program Files\Java\jre1.8.0_311\bin;C:\Users\Tanishq\OneDrive\Desktop\jdk-18.0.1.1\bin;C:\ProgramData\chocolatey\bin;C:\Program Files\Amazon\AWSCLIV2\;C:\WINDOWS\system32;C:\WINDOWS;C:\WINDOWS\System32\Wbem;C:\WINDOWS\System32\WindowsPowerShell\v1.0\;C:\WINDOWS\System32\OpenSSH\;C:\Program Files (x86)\Microsoft SQL Server\160\Tools\Binn\;C:\Program Files\Microsoft SQL Server\160\Tools\Binn\;C:\Program Files\Microsoft SQL Server\Client SDK\ODBC\170\Tools\Binn\;C:\Program Files\Microsoft SQL Server\160\DTS\Binn\;C:\Program Files (x86)\Microsoft SQL Server\160\DTS\Binn\;C:\Users\Tanishq\Downloads\apache-maven-3.9.8\bin;C:\Users\Tanishq\Downloads\jdk-22.0.1\bin;C:\Program Files\Eclipse Adoptium\jdk-22.0.1.8-hotspot\bin;C:\Program Files\MongoDB\Server\7.0\bin;C:\Program Files\Git LFS;C:\Program Files\Docker\Docker\resources\bin;C:\Program Files\PostgreSQL\18\bin;C:\Program Files\nodejs\;C:\Users\Tanishq\AppData\Local\Programs\Python\Python312\Scripts\;C:\Users\Tanishq\AppData\Local\Programs\Python\Python312\;C:\Users\Tanishq\anaconda3\anaconda;C:\Users\Tanishq\anaconda3\anaconda\Library\mingw-w64\bin;C:\Users\Tanishq\anaconda3\anaconda\Library\usr\bin;C:\Users\Tanishq\anaconda3\anaconda\Library\bin;C:\Users\Tanishq\anaconda3\anaconda\Scripts;C:\Users\Tanishq\AppData\Local\Programs\Python\Python311\Scripts\;C:\Users\Tanishq\AppData\Local\Programs\Python\Python311\;C:\Users\Tanishq\AppData\Local\Programs\Python\Launcher\;C:\Users\Tanishq\AppData\Local\Programs\Python\Python310\Scripts\;C:\Users\Tanishq\AppData\Local\Programs\Python\Python310\;C:\Users\Tanishq\AppData\Local\Programs\Microsoft VS Code\bin;C:\Program Files\Java\jre1.8.0_311\bin;C:\Users\Tanishq\AppData\Local\Programs\Python\Python39\python.exe;C:\MinGW\bin;C:\Users\Tanishq\OneDrive\Desktop\jdk-18.0.1.1\bin;C:\Program Files\Java\jdk-18\bin;C:\Program Files\Git\bin;C:\Program Files\Eclipse Adoptium\jdk-17.0.4.8-hotspot\bin;C:\Program Files\Java\jdk-17.0.4\bin;C:\Users\Tanishq\AppData\Local\Microsoft\WindowsApps;C:\Program Files\MongoDB\Server\7.0\bin;C:\Program Files\MongoDB\Tools\100\bin;C:\Users\Tanishq\AppData\Local\Microsoft\WinGet\Packages\Schniz.fnm_Microsoft.Winget.Source_8wekyb3d8bbwe;C:\Users\Tanishq\AppData\Local\GitHubDesktop\bin;C:\Users\Tanishq\AppData\Roaming\npm;c:\Users\Tanishq\.vscode\extensions\vscjava.vscode-java-debug-0.58.3\bundled\scripts\noConfigScripts
USERNAME=Tanishq
LANG=en_US.UTF-8
OS=Windows_NT
PROCESSOR_IDENTIFIER=AMD64 Family 23 Model 104 Stepping 1, AuthenticAMD
TMP=C:\Users\Tanishq\AppData\Local\Temp
TEMP=C:\Users\Tanishq\AppData\Local\Temp




Periodic native trim disabled

---------------  S Y S T E M  ---------------

OS:
 Windows 11 , 64 bit Build 26100 (10.0.26100.7019)
OS uptime: 19 days 14:13 hours
Hyper-V role detected

CPU: total 12 (initial active 12) (12 cores per cpu, 2 threads per core) family 23 model 104 stepping 1 microcode 0x8608107, cx8, cmov, fxsr, ht, mmx, 3dnowpref, sse, sse2, sse3, ssse3, sse4a, sse4.1, sse4.2, popcnt, lzcnt, tsc, tscinvbit, avx, avx2, aes, clmul, bmi1, bmi2, adx, sha, fma, vzeroupper, clflush, clflushopt, hv, rdtscp, rdpid, f16c
Processor Information for the first 12 processors :
  Max Mhz: 2100, Current Mhz: 2100, Mhz Limit: 2100

Memory: 4k page, system-wide physical 7501M (1116M free)
TotalPageFile size 30029M (AvailPageFile size 374M)
current process WorkingSet (physical memory assigned to process): 348M, peak: 465M
current process commit charge ("private bytes"): 611M, peak: 989M

vm_info: OpenJDK 64-Bit Server VM (21.0.6+7-LTS) for windows-amd64 JRE (21.0.6+7-LTS), built on 2025-01-21T00:00:00Z by "admin" with MS VC++ 17.7 (VS2022)

END.
